SoldPricePerSqft,PctForeclosured,PctIncreasing,Metro,County,Turnover,Month,PctDecreasing,ListingPricePerSqft,PctPriceReductions,Foreclosures-Ratio,State,PriceToRentRatio,SaleToListRatio,ListingPrice,NumberForRent,SoldPrice,City,Year,Quarter
194.5704,0.4202,85.86,Minneapolis-St Paul,Scott,8.7387,1,7.98,0,0,1.2228,MN,0,0,0,0,242715,Savage,1,1
198.2669,0.4202,89.04,Minneapolis-St Paul,Scott,8.989,2,6.59,0,0,1.2228,MN,0,0,0,0,254500,Savage,1,1
198.967,0.4202,93.2,Minneapolis-St Paul,Scott,8.9175,3,4.22,0,0,1.2228,MN,0,0,0,0,249550,Savage,1,1
202.9194,0.4202,85.03,Minneapolis-St Paul,Scott,9.0248,4,8.15,0,0,1.2228,MN,0,0,0,0,237015,Savage,1,2
205.5637,0.4202,94.04,Minneapolis-St Paul,Scott,8.9652,5,3.47,0,0,1.2228,MN,0,0,0,0,233900,Savage,1,2
208.9402,0.4202,95.78,Minneapolis-St Paul,Scott,9.3467,6,2.03,0,0,1.2228,MN,0,0,0,0,235435,Savage,1,2
207.1287,0.4202,94.46,Minneapolis-St Paul,Scott,9.7759,7,2.56,0,0,0.856,MN,0,0,0,0,254872,Savage,1,3
204.5931,0.4202,95.46,Minneapolis-St Paul,Scott,9.9905,8,1.79,0,0,0.9844,MN,0,0,0,0,260682.4,Savage,1,3
208.6211,0.4202,97.11,Minneapolis-St Paul,Scott,10.4435,9,1.09,0,0,1.0302,MN,0,0,0,0,268685.85,Savage,1,3
212.5673,0.4202,97.25,Minneapolis-St Paul,Scott,10.515,10,0.91,0,0,0.6038,MN,0,0,0,0,261298.75,Savage,1,4
212.0589,0.4202,95.82,Minneapolis-St Paul,Scott,11.0992,11,1.56,0,0,0.693371429,MN,0,0,0,0,250650,Savage,1,4
216.8475,0.4202,93.92,Minneapolis-St Paul,Scott,11.0157,12,2.53,0,0,0.782942857,MN,0,0,0,0,248150,Savage,1,4
212.5635,0.4202,97.56,Minneapolis-St Paul,Scott,10.9442,13,1.06,0,0,0.872514286,MN,0,0,0,0,246650,Savage,2,5
213.0707,0.4202,97.37,Minneapolis-St Paul,Scott,10.8131,14,1.31,0,0,0.962085714,MN,0,0,0,0,248420,Savage,2,5
218.7724,0.4202,95.22,Minneapolis-St Paul,Scott,10.7654,15,1.91,0,0,1.051657143,MN,0,0,0,0,253764,Savage,2,5
218.9597,0.4202,97.3,Minneapolis-St Paul,Scott,10.6581,16,1.23,0,0,1.141228571,MN,0,0,0,0,260606,Savage,2,6
219.9978,0.4202,96.71,Minneapolis-St Paul,Scott,10.7415,17,1.32,0,0,1.2308,MN,0,0,0,0,255065,Savage,2,6
222.0658,0.4202,92.81,Minneapolis-St Paul,Scott,11.0396,18,2.39,0,0,0.8615,MN,0,0,0,0,265185,Savage,2,6
223.3421,0.447053846,94.34,Minneapolis-St Paul,Scott,10.8965,19,2.11,0,0,0.9614,MN,0,0,0,0,265600,Savage,2,7
225.1979,0.473907692,91.92,Minneapolis-St Paul,Scott,10.8965,20,2.63,0,0,2.1954,MN,0,0,0,0,293075,Savage,2,7
223.2978,0.500761538,87.22,Minneapolis-St Paul,Scott,10.5508,21,4.34,0,0,1.4243,MN,0,0,0,0,291025,Savage,2,7
216.0042,0.527615385,88.41,Minneapolis-St Paul,Scott,10.2051,22,4.06,0,0,1.7631,MN,0,0,0,0,276600,Savage,2,8
224.8134,0.554469231,86.49,Minneapolis-St Paul,Scott,9.6328,23,5.11,0,0,0.8602,MN,0,0,0,0,270975,Savage,2,8
236.4063,0.581323077,68.82,Minneapolis-St Paul,Scott,9.9785,24,12.66,0,0,0.727,MN,0,0,0,0,282940,Savage,2,8
235.9056,0.608176923,54.94,Minneapolis-St Paul,Scott,9.8593,25,22.13,0,0,0.5938,MN,0,0,0,0,266985,Savage,3,9
228.914,0.635030769,47.26,Minneapolis-St Paul,Scott,9.6686,26,28.29,0,0,1.6066,MN,0,0,0,0,255000,Savage,3,9
217.2981,0.661884615,59.52,Minneapolis-St Paul,Scott,9.7282,27,19.46,0,0,1.6038,MN,0,0,0,0,258500,Savage,3,9
216.4843,0.688738462,47.6,Minneapolis-St Paul,Scott,9.7043,28,29.3,0,0,0.7717,MN,0,0,0,0,251350.5,Savage,3,10
216.5228,0.715592308,60.14,Minneapolis-St Paul,Scott,9.8474,29,20.31,0,0,0.8336,MN,0,0,0,0,249200.35,Savage,3,10
220.0347,0.742446154,60.9,Minneapolis-St Paul,Scott,9.3228,30,19.25,0,0,1.0521,MN,0,0,0,0,261471.4,Savage,3,10
226.153,0.7693,56.06,Minneapolis-St Paul,Scott,9.144,31,22.28,0,0,1.2069,MN,0,0,0,0,267103.75,Savage,3,11
220.6952,0.85934,38.71,Minneapolis-St Paul,Scott,8.691,32,35.69,0,0,0.5944,MN,0,0,0,0,292950,Savage,3,11
223.0511,0.94938,39.45,Minneapolis-St Paul,Scott,8.2499,33,34.58,0,0,0.7958,MN,0,0,0,0,281058.5,Savage,3,11
212.5467,1.03942,19.45,Minneapolis-St Paul,Scott,8.0353,34,57.45,0,0,2.227,MN,0,0,0,0,281205.45,Savage,3,12
212.9524,1.12946,17.52,Minneapolis-St Paul,Scott,7.8684,35,61.16,0,0,2.6303,MN,0,0,0,0,258573.05,Savage,3,12
210.6125,1.2195,65.97,Minneapolis-St Paul,Scott,7.6061,36,14.21,0,0,2.5974,MN,0,0,0,0,271575,Savage,3,12
219.3597,3.4853,34.43,Minneapolis-St Paul,Scott,7.3557,37,40.46,0,0,4.1859,MN,0,0,0,0,294875,Savage,4,13
224.1898,2.208,36.73,Minneapolis-St Paul,Scott,7.463,38,39.79,0,0,5.5014,MN,0,0,0,0,284965,Savage,4,13
211.7516,2.354,25.59,Minneapolis-St Paul,Scott,7.4392,39,54.81,0,0,8.5845,MN,0,0,0,0,260110,Savage,4,13
208.858,2.5,43.5,Minneapolis-St Paul,Scott,7.4392,40,34.62,0,0,6.5779,MN,0,0,0,0,251025,Savage,4,14
221.8538,1.75,36.94,Minneapolis-St Paul,Scott,7.2961,41,44.18,0,0,8.4373,MN,0,0,0,0,264165,Savage,4,14
214.7432,1.20835,15.07,Minneapolis-St Paul,Scott,7.1292,42,74.85,0,0,8.5446,MN,0,0,0,0,275385,Savage,4,14
215.1737,0.6667,16.39,Minneapolis-St Paul,Scott,7.2723,43,72.29,0,0,8.7037,MN,0,0,0,0,273700,Savage,4,15
207.7551,1.061766667,19.92,Minneapolis-St Paul,Scott,7.1173,44,65.51,0,0,8.2899,MN,0,0,0,0,260800,Savage,4,15
209.3445,1.456833333,8.63,Minneapolis-St Paul,Scott,6.9862,45,85.5,0,0,8.4473,MN,0,0,0,0,265200,Savage,4,15
221.6427,1.8519,19.96,Minneapolis-St Paul,Scott,6.9504,46,65.36,0,0,11.0442,MN,0,0,0,0,278250,Savage,4,16
211.246,3.1481,18.19,Minneapolis-St Paul,Scott,6.8908,47,67.27,0,0,14.3616,MN,0,0,0,0,254900,Savage,4,16
206.1514,5.5556,1.3,Minneapolis-St Paul,Scott,6.7835,48,97.29,0,0,14.9645,MN,0,0,0,0,254600,Savage,4,16
195.6297,9.1481,1.81,Minneapolis-St Paul,Scott,6.7477,49,96.39,0,0,16.3922,MN,0,0,0,0,248375.5,Savage,5,17
198.1171,5.3111,1.45,Minneapolis-St Paul,Scott,6.6166,50,97.21,0,0,16.9846,MN,0,0,0,0,235062.85,Savage,5,17
191.9268,7.5692,0.83,Minneapolis-St Paul,Scott,6.5808,51,98.67,0,0,17.0401,MN,0,0,0,0,228062.65,Savage,5,17
192.3813,7.4868,0.41,Minneapolis-St Paul,Scott,6.5451,52,99.41,0,0,17.6349,MN,0,0,0,0,232150,Savage,5,18
186.9636,4.1446,0.02,Minneapolis-St Paul,Scott,6.3424,53,99.93,0,0,17.2731,MN,0,0,0,0,230200,Savage,5,18
183.4736,2.3858,0.04,Minneapolis-St Paul,Scott,6.4258,54,99.94,0,0,22.35,MN,0,0,0,0,241735,Savage,5,18
182.6325,3.0293,0.01,Minneapolis-St Paul,Scott,5.9609,55,99.94,0,0,22.0053,MN,0,0,0,0,248790,Savage,5,19
163.8241,6.5149,0.06,Minneapolis-St Paul,Scott,6.0563,56,99.86,0,0,22.0336,MN,0,0,0,0,256340,Savage,5,19
147.2584,6.738,0.44,Minneapolis-St Paul,Scott,6.2828,57,98.85,0,0,22.8273,MN,0,0,0,0,240135,Savage,5,19
153.5677,7.0539,0.26,Minneapolis-St Paul,Scott,6.2232,58,99.45,119.1088873,0,20.6955,MN,0,0.9641,250000,0,248895,Savage,5,20
160.1331,8.18,0.19,Minneapolis-St Paul,Scott,6.1755,59,99.44,119.0222659,0,18.7821,MN,0,0.95805,239900,0,250770,Savage,5,20
140.84115,7.7642,0.28,Minneapolis-St Paul,Scott,6.0682,60,99.16,117.2413793,0,16.9295,MN,0,0.952,244900,0,245577.3077,Savage,5,20
121.5492,3.7619,0.06,Minneapolis-St Paul,Scott,5.8536,61,99.92,114.6917808,0,14.4649,MN,0,0.9524,239900,0,240384.6154,Savage,6,21
121.3122903,6.855766667,0.08,Minneapolis-St Paul,Scott,5.6629,62,99.85,115.1018601,0,8.0564,MN,0,0.954466537,239900,0,243256.4103,Savage,6,21
121.0753807,9.949633333,0.53,Minneapolis-St Paul,Scott,5.3767,63,98.73,114.6229508,0,9.8545,MN,0,0.956533074,239900,0,246128.2051,Savage,6,21
120.838471,13.0435,1.57,Minneapolis-St Paul,Scott,5.2456,64,95.69,114.3617021,0,12.1288,MN,0,0.958599611,239900,0,249000,Savage,6,22
117.1122,19.2117,1.82,Minneapolis-St Paul,Scott,4.9803,65,95.33,111.7685306,0,12.8233,MN,0,0.9702,239900,0,240764.7059,Savage,6,22
119.3434,15.7474,4.99,Minneapolis-St Paul,Scott,4.8362,66,87.85,111.2052531,0,9.9066,MN,0,0.9678,237900,0,229350,Savage,6,22
121.4212,6.5413,2.65,Minneapolis-St Paul,Scott,4.9881,67,93.12,111.5561392,0,11.7859,MN,0,0.9771,243000,0,234325,Savage,6,23
118.4455,3.1414,5.83,Minneapolis-St Paul,Scott,4.8185,68,85.92,111.7685306,0,14.0458,MN,0,0.9742,239900,0,228975,Savage,6,23
202.0167,3.5328,1.63,Minneapolis-St Paul,Scott,4.8558,69,96.45,111.4351058,0,13.8367,MN,0,0.9771,249500,0,238100,Savage,6,23
202.8285,6.0222,0.83,Minneapolis-St Paul,Scott,4.8267,70,98.1,111.147541,0,14.0652,MN,0,0.9769,243000,0,248440,Savage,6,24
169.7971,3.424,2.77,Minneapolis-St Paul,Scott,5.2304,71,92.67,111.0818713,0,12.5669,MN,0,0.9771,235000,0,234547.5,Savage,6,24
166.1525,5.3205,20.92,Minneapolis-St Paul,Scott,5.4048,72,63.95,110.8093126,0,12.4235,MN,0,0.9882,239900,0,220762.5,Savage,6,24
162.0432,15.4167,22.72,Minneapolis-St Paul,Scott,5.3695,73,60.4,108.297227,0,9.7949,MN,0,0.9964,239900,0,227650,Savage,7,25
155.8637,26.6666,20.04,Minneapolis-St Paul,Scott,5.4511,74,63.71,109.1642925,11.4286,7.0523,MN,0,0.9868,239900,11,203950,Savage,7,25
161.4011,16.9792,15.51,Minneapolis-St Paul,Scott,5.6039,75,69.81,107.3295985,18.3607,6.0717,MN,0,0.9749,239900,11,206400,Savage,7,25
164.4972,8.3665,18.8,Minneapolis-St Paul,Scott,5.5216,76,64.29,107.0872274,25.2308,8.5417,MN,0,0.9773,239900,11,212500,Savage,7,26
162.8563,4.7624,12.52,Minneapolis-St Paul,Scott,5.6273,77,74.36,106.2556939,30,7.8311,MN,0,0.9719,234000,11,224165,Savage,7,26
161.1304,3.8895,7.89,Minneapolis-St Paul,Scott,5.6391,78,83.2,106.3068921,29.8387,8.0817,MN,0,0.9759,225000,11,227635,Savage,7,26
161.8642,4.6354,12.03,Minneapolis-St Paul,Scott,5.3803,79,75.69,102.7260638,28.4211,7.0018,MN,0,0.9776,219900,11,237175,Savage,7,27
160.1875,2.3947,3.51,Minneapolis-St Paul,Scott,5.2861,80,93.19,103.125,23.2673,10.1972,MN,0,0.9787,219900,11,229308.5,Savage,7,27
170.7328,2.2909,11.47,Minneapolis-St Paul,Scott,4.98,81,76.45,101.4009662,24.5238,8.637,MN,0,0.9622,210000,11,230662.7,Savage,7,27
161.3056,2.1871,13.44,Minneapolis-St Paul,Scott,4.6818,82,73.5,101.8682065,26.799,6.5752,MN,13.3,0.9504,214500,11,207475.8,Savage,7,28
157.9935,2.0833,4.15,Minneapolis-St Paul,Scott,4.5289,83,90.78,99.96,26.3158,5.175,MN,13.03,0.9508,210500,11,216950,Savage,7,28
164.1423,2.02545,3.98,Minneapolis-St Paul,Scott,4.3636,84,90.45,98.37297297,26.4563,6.1094,MN,12.81,0.9534,209900,22,213300,Savage,7,28
157.0472476,1.9676,10.2,Minneapolis-St Paul,Scott,4.3167,85,77.55,98.37297297,20.2469,8.5761,MN,12.25,0.95663398,210500,26,211715.3846,Savage,8,29
149.9521952,1.90975,14.1,Minneapolis-St Paul,Scott,4.2346,86,70.78,97.46506337,19.0123,7.1789,MN,10.99,0.959867959,209900,28,210130.7692,Savage,8,29
142.8571429,1.8519,3.09,Minneapolis-St Paul,Scott,4.2815,87,93.29,98.18235122,20.2614,10.4419,MN,10.97,0.963101939,209900,29,215547.0588,Savage,8,29
144.7455,3.569,3.8,Minneapolis-St Paul,Scott,4.282,88,90.8,97.08520179,21.0526,10.5083,MN,10.27,0.9712,199900,22,223810,Savage,8,30
139.6172,6.5582,1.51,Minneapolis-St Paul,Scott,4.3172,89,96.77,97.76536313,20.0401,13.8291,MN,10.08,0.9808,208900,18,203725,Savage,8,30
139.8904,7.7174,2.06,Minneapolis-St Paul,Scott,4.4785,90,95.77,99.4170096,19.9234,13.8474,MN,10.29,0.9807,214900,16,197240,Savage,8,30
148.7444,3.8235,1.56,Minneapolis-St Paul,Scott,4.7286,91,97.43,99.02634593,20.3354,12.8924,MN,10.42,0.9708,224990,32,214422.5,Savage,8,31
152.2204,5.0714,3.16,Minneapolis-St Paul,Scott,4.8917,92,92.36,176.2523191,19.0065,10.1924,MN,10.36,0.9676,229700,32,232227.5,Savage,8,31
153.6923,4.05,2.17,Minneapolis-St Paul,Scott,5.11,93,95.69,174.4242847,20.045,9.7781,MN,10.04,0.9593,214900,39,233275,Savage,8,31
156.8461,5.0162,6.64,Minneapolis-St Paul,Scott,5.3195,94,86.17,174.1803279,22.5951,11.419,MN,10.05,0.9669,212500,34,235785,Savage,8,32
145.905,6.8456,7.86,Minneapolis-St Paul,Scott,5.3544,95,84.04,152.1562246,18.0488,7.9327,MN,10.21,0.9751,219900,32,211950,Savage,8,32
145.3714,8.9706,8.54,Minneapolis-St Paul,Scott,5.4126,96,84.09,152.8266914,16.0428,8.5867,MN,10.22,0.9794,212500,43,216625,Savage,8,32
139.2747,7.2625,7.25,Minneapolis-St Paul,Scott,5.8344,97,86.36,154.5587163,14.3275,14.3471,MN,10.22,0.9752,217900,49,204750,Savage,9,33
138.20175,7.0534,14.65,Minneapolis-St Paul,Scott,5.9371,98,73.97,152.9684601,15.4545,19.0699,MN,10.21,0.984,219900,40,190605.7693,Savage,9,33
137.1288,3.424,23.86,Minneapolis-St Paul,Scott,6.0878,99,60.57,151.5983607,17.1875,20.4437,MN,10.28,0.9828,211900,46,176461.5385,Savage,9,33
149.591,1.875,24.52,Minneapolis-St Paul,Scott,6.7585,100,59.63,152.0559211,14.7727,11.8079,MN,9.99,0.9874,213500,40,205941.1765,Savage,9,34
151.3721,6.7292,30.93,Minneapolis-St Paul,Scott,6.8044,101,52.95,150.6771516,14.8649,6.0941,MN,10.12,0.984,215000,43,192935,Savage,9,34
152.7178,7.0548,44.27,Minneapolis-St Paul,Scott,6.9306,102,39.78,151.1942675,15.8602,7.1278,MN,10.17,0.9828,234900,44,213365,Savage,9,34
155.6878,6.3194,56.14,Minneapolis-St Paul,Scott,7.1961,103,29.09,147.5,17.3077,7.1807,MN,10.22,0.9765,219900,46,229654.5,Savage,9,35
156.4509,8.3257,41.01,Minneapolis-St Paul,Scott,7.2535,104,43.52,145.1204819,15.0289,10.0593,MN,10.31,0.9808,219900,49,239868.15,Savage,9,35
151.2411,10.4339,67.71,Minneapolis-St Paul,Scott,7.2421,105,19.98,148.220339,15.3409,6.5504,MN,10.33,0.9911,219900,35,223707.85,Savage,9,35
152.0353,11.2114,38.77,Minneapolis-St Paul,Scott,7.2421,106,44.28,150.7237636,13.9881,7.4275,MN,10.3,0.998,220000,26,223000.05,Savage,9,36
155.4516,10.7954,61.32,Minneapolis-St Paul,Scott,7.3118,107,26.17,153.6166365,14.8026,7.7133,MN,10.62,0.9884,214677,31,234721.45,Savage,9,36
152.4004,14.5231,84,Minneapolis-St Paul,Scott,7.3347,108,10.51,151.2543103,13.7184,9.5477,MN,10.85,0.9889,220000,35,223300,Savage,9,36
151.6813,14.5112,91.65,Minneapolis-St Paul,Scott,7.2331,109,5.74,146.9852941,12.749,7.9489,MN,10.91,0.9945,235990,50,218800,Savage,10,37
143.4487,24.0256,93.24,Minneapolis-St Paul,Scott,7.2773,110,4.94,156.7120047,13.9394,6.0456,MN,10.97,0.9876,235990,38,190250,Savage,10,37
143.1523,26.6237,95.39,Minneapolis-St Paul,Scott,7.0749,111,3.31,164.1137856,13.1148,3.133,MN,11.13,0.9919,261000,38,183500,Savage,10,37
152.735,19.1186,94.64,Minneapolis-St Paul,Scott,7.5489,112,4.11,163.3969119,18.0851,3.4926,MN,11.09,0.9901,249900,42,194175,Savage,10,38
162.7891,12.9489,96.42,Minneapolis-St Paul,Scott,7.5264,113,3.02,163.8563622,16.6667,3.5961,MN,10.96,0.9955,242990,41,220975,Savage,10,38
173.0849,7.6893,96.55,Minneapolis-St Paul,Scott,7.4124,114,1.69,170.8456535,17.4672,3.6678,MN,10.94,0.9962,239900,43,228850,Savage,10,38
171.5132,12.9925,96.73,Minneapolis-St Paul,Scott,7.3067,115,1.6,169.3994943,16.9291,5.2177,MN,10.91,0.9987,229900,42,225900,Savage,10,39
174.5052,15.9656,96.54,Minneapolis-St Paul,Scott,7.3853,116,1.64,170.8456535,20.4633,4.6986,MN,10.91,0.9898,239900,34,232865,Savage,10,39
171.2081,17.688,94.9,Minneapolis-St Paul,Scott,7.3741,117,2.46,169.3994943,19.0114,3.9916,MN,10.69,0.9828,241900,38,224685,Savage,10,39
171.0964,12.422,96,Minneapolis-St Paul,Scott,7.4078,118,2.12,172.0108696,20.4633,4.6292,MN,10.77,0.9828,249900,38,231000,Savage,10,40
170.4044,13.9668,92.93,Minneapolis-St Paul,Scott,7.2617,119,3.51,172.4137931,18.5771,3.7121,MN,10.72,0.9859,262990,64,235950,Savage,10,40
172.1478,13.8647,92.71,Minneapolis-St Paul,Scott,7.1493,120,3.51,170.8762887,19.4175,1.6852,MN,11,0.9802,259900,43,235000,Savage,10,40
162.7636,21.5611,92.85,Minneapolis-St Paul,Scott,6.8345,121,3.76,171.4939024,17.5355,2.1382,MN,10.96,0.9707,259000,52,224000,Savage,11,41
159.0629,18.8182,84.26,Minneapolis-St Paul,Scott,6.6884,122,8.26,168.6507937,17.5879,2.9966,MN,10.82,0.9722,249900,49,208255,Savage,11,41
163.8648,12.6299,96.15,Minneapolis-St Paul,Scott,6.621,123,2.25,176.303681,13.8889,4.2694,MN,11.7,0.9737,265000,51,226153.5,Savage,11,41
172.4854,8.4928,96.71,Minneapolis-St Paul,Scott,6.4186,124,1.6,175.234842,20.7031,4.1723,MN,11.65,0.9902,259900,53,234466.5,Savage,11,42
180.5852,10.9774,83.44,Minneapolis-St Paul,Scott,6.205,125,10.16,175.5852843,22.2222,5.0557,MN,11.56,0.9964,284900,53,247200,Savage,11,42
180.9695,8.225,80.52,Minneapolis-St Paul,Scott,6.0701,126,12.4,175.5387071,22.3333,4.3957,MN,11.48,0.9999,284900,41,245485,Savage,11,42
176.041,5.7453,78.21,Minneapolis-St Paul,Scott,6.0701,127,13.63,177.5862069,25.2976,3.273,MN,11.61,0.9899,273000,45,260200,Savage,11,43
173.0086,4.0571,72.94,Minneapolis-St Paul,Scott,5.7442,128,17.87,177.991453,31.5476,2.5,MN,11.6,0.9872,259900,45,288375,Savage,11,43
171.7695,4.9395,68.23,Minneapolis-St Paul,Scott,5.643,129,21.46,179.1299845,34.0909,2.9071,MN,11.45,0.9884,267000,34,275325,Savage,11,43
169.9927,7.8082,62.93,Minneapolis-St Paul,Scott,5.6205,130,26.01,178.7671233,32.5,1.5701,MN,11.49,0.9858,279000,42,246765,Savage,11,44
184.5358,6.0182,59.39,Minneapolis-St Paul,Scott,5.4969,131,29.63,178.7671233,28.7834,1.1215,MN,11.67,0.9819,279000,34,268735,Savage,11,44
179.797,5.0513,55.95,Minneapolis-St Paul,Scott,5.4744,132,32.2,178.3018868,24.4373,1.5831,MN,11.78,0.9832,263900,46,277000,Savage,11,44
180.2269,6.1618,54.66,Minneapolis-St Paul,Scott,5.4519,133,33.46,179.5031056,18.2456,2.8578,MN,11.69,0.9747,264900,37,273800,Savage,12,45
180.6656,6.0317,53.98,Minneapolis-St Paul,Scott,5.4631,134,33.11,179.1666667,18.0077,2.8126,MN,11.7,0.9812,259900,36,268700,Savage,12,45
178.4692,11.4866,57.67,Minneapolis-St Paul,Scott,5.6205,135,29.86,0,0,3.7627,MN,11.58,0,0,60,245750,Savage,12,45
177.2721,10.2971,64.51,Minneapolis-St Paul,Scott,5.6655,136,21.62,0,0,3.8179,MN,11.57,0,0,54,246050,Savage,12,46
177.7025,11.0955,67.19,Minneapolis-St Paul,Scott,5.9015,137,17.7,0,0,3.1638,MN,11.51,0,0,62,248950,Savage,12,46
182.0875,10.4904,64.48,Minneapolis-St Paul,Scott,6.1826,138,18,0,0,2.5283,MN,11.5,0,0,64,251575,Savage,12,46
176.0973,1.6565,91.28,Riverside,Riverside,11.9538,1,6.55,0,0,0.2585,CA,0,0,0,0,360100,La Quinta,1,1
178.8231,1.7759,92.03,Riverside,Riverside,12.1663,2,6.29,0,0,0.2585,CA,0,0,0,0,344400,La Quinta,1,1
183.5715,0.942,93.43,Riverside,Riverside,12.5654,3,5.24,0,0,0.2585,CA,0,0,0,0,355575,La Quinta,1,1
193.274,0.3981,95.21,Riverside,Riverside,13.483,4,3.74,0,0,0.2585,CA,0,0,0,0,386925,La Quinta,1,2
204.0094,0.4681,97.37,Riverside,Riverside,14.0687,5,2.05,0,0,0.29845,CA,0,0,0,0,416675,La Quinta,1,2
205.5603,0.5381,98.08,Riverside,Riverside,14.5612,6,1.58,0,0,0.3384,CA,0,0,0,0,412825,La Quinta,1,2
207.8944,0.5155,98.11,Riverside,Riverside,14.9137,7,1.44,0,0,0.4422,CA,0,0,0,0,402000,La Quinta,1,3
213.3722,0.4736,98.54,Riverside,Riverside,15.0692,8,1.18,0,0,0.5189,CA,0,0,0,0,389750,La Quinta,1,3
218.0508,0.683,98.45,Riverside,Riverside,15.2662,9,1.25,0,0,0.5182,CA,0,0,0,0,378300,La Quinta,1,3
223.3059,0.622,98.09,Riverside,Riverside,15.4476,10,1.52,0,0,0.259,CA,0,0,0,0,391950,La Quinta,1,4
227.6453,0.7397,98.04,Riverside,Riverside,15.6757,11,1.43,0,0,0.6,CA,0,0,0,0,417250,La Quinta,1,4
226.7785,0.8523,97.51,Riverside,Riverside,15.5565,12,1.96,0,0,0.3656,CA,0,0,0,0,429275,La Quinta,1,4
232.7257,1.1647,96.77,Riverside,Riverside,15.6187,13,2.58,0,0,0.6747,CA,0,0,0,0,471475,La Quinta,2,5
240.802,0.8844,96.72,Riverside,Riverside,15.4528,14,2.63,0,0,0.6221,CA,0,0,0,0,505850,La Quinta,2,5
247.9233,0.7285,96.78,Riverside,Riverside,15.4476,15,2.55,0,0,0.5982,CA,0,0,0,0,520400,La Quinta,2,5
252.8494,0.3155,95.96,Riverside,Riverside,14.9914,16,3.28,0,0,0.5192,CA,0,0,0,0,533250,La Quinta,2,6
261.9159,0.4787,96.81,Riverside,Riverside,14.5871,17,2.43,0,0,0.5189,CA,0,0,0,0,572500,La Quinta,2,6
266.1464,0.4392,96.63,Riverside,Riverside,14.4627,18,2.54,0,0,0.2593,CA,0,0,0,0,586875,La Quinta,2,6
262.3689,0.6947,96.07,Riverside,Riverside,14.0998,19,3.01,0,0,0.260166667,CA,0,0,0,0,526375,La Quinta,2,7
260.0479,0.5512,95.27,Riverside,Riverside,14.2709,20,3.73,0,0,0.261033333,CA,0,0,0,0,515850,La Quinta,2,7
260.2026,0.2617,95.67,Riverside,Riverside,14.4575,21,3.51,0,0,0.2619,CA,0,0,0,0,510875,La Quinta,2,7
261.6625,0.5937,96.12,Riverside,Riverside,14.245,22,3.1,0,0,0.43205,CA,0,0,0,0,513775,La Quinta,2,8
266.7271,0.3784,96.36,Riverside,Riverside,14.1258,23,2.86,0,0,0.6022,CA,0,0,0,0,577675,La Quinta,2,8
264.4953,0.3359,96.63,Riverside,Riverside,14.1206,24,2.64,0,0,0.3666,CA,0,0,0,0,592325,La Quinta,2,8
277.7297,0.2934,94.94,Riverside,Riverside,13.8614,25,4.24,0,0,0.3128,CA,0,0,0,0,604750,La Quinta,3,9
297.3815,0.2509,95.01,Riverside,Riverside,13.7162,26,4.23,0,0,0.259,CA,0,0,0,0,620500,La Quinta,3,9
304.1868,0.2084,93.16,Riverside,Riverside,13.4933,27,5.36,0,0,0.4429,CA,0,0,0,0,657250,La Quinta,3,9
297.1196,1.1875,90.79,Riverside,Riverside,13.0372,28,6.18,0,0,0.519,CA,0,0,0,0,644225,La Quinta,3,10
282.3402,0.7917,85.6,Riverside,Riverside,12.949,29,10.24,0,0,0.5186,CA,0,0,0,0,615825,La Quinta,3,10
278.0191,0.565,73.73,Riverside,Riverside,12.5914,30,17.9,0,0,0.7766,CA,0,0,0,0,625600,La Quinta,3,10
277.0379,0.5264,58.04,Riverside,Riverside,12.2803,31,30.87,0,0,1.7392,CA,0,0,0,0,619100,La Quinta,3,11
269.2248,1.1402,53.56,Riverside,Riverside,11.508,32,35.06,0,0,1.0646,CA,0,0,0,0,589250,La Quinta,3,11
263.3755,1.1291,40.93,Riverside,Riverside,10.8911,33,48.69,0,0,1.448,CA,0,0,0,0,584250,La Quinta,3,11
263.8923,0.5612,32.52,Riverside,Riverside,10.5593,34,58.55,0,0,2.0713,CA,0,0,0,0,639750,La Quinta,3,12
273.2527,0.5699,27.41,Riverside,Riverside,10.1861,35,64.83,0,0,1.5137,CA,0,0,0,0,657500,La Quinta,3,12
272.8691,0.5714,19.8,Riverside,Riverside,9.9476,36,72.66,0,0,2.1531,CA,0,0,0,0,616750,La Quinta,3,12
279.5918,0.5729,16.62,Riverside,Riverside,9.7662,37,77.65,0,0,2.7509,CA,0,0,0,0,632000,La Quinta,4,13
287.3833,1.2622,14.42,Riverside,Riverside,9.4707,38,80.47,0,0,3.9491,CA,0,0,0,0,657500,La Quinta,4,13
286.2942,1.4706,9.85,Riverside,Riverside,9.0923,39,85.32,0,0,6.0608,CA,0,0,0,0,659250,La Quinta,4,13
274.8696,1.8585,11.24,Riverside,Riverside,8.9213,40,83.7,0,0,8.4247,CA,0,0,0,0,587000,La Quinta,4,14
272.9268,2.2979,9.89,Riverside,Riverside,8.5169,41,86.18,0,0,9.0581,CA,0,0,0,0,561250,La Quinta,4,14
279.1482,1.9477,10.63,Riverside,Riverside,8.3459,42,85.75,0,0,9.7985,CA,0,0,0,0,555750,La Quinta,4,14
286.5399,2.9635,10.63,Riverside,Riverside,8.1541,43,86,0,0,8.3699,CA,0,0,0,0,595750,La Quinta,4,15
274.0094,4.8184,7.8,Riverside,Riverside,8.123,44,89.73,0,0,6.8682,CA,0,0,0,0,569500,La Quinta,4,15
260.7602,5.7058,5.42,Riverside,Riverside,8.0659,45,92.78,0,0,6.8274,CA,0,0,0,0,529500,La Quinta,4,15
269.0268,12.0483,4.31,Riverside,Riverside,7.9104,46,94.11,0,0,9.8291,CA,0,0,0,0,570900,La Quinta,4,16
266.9289,14.075,4.75,Riverside,Riverside,7.7238,47,93.38,0,0,9.7375,CA,0,0,0,0,611575,La Quinta,4,16
267.658,14.0874,3.32,Riverside,Riverside,7.6927,48,95.48,0,0,17.3114,CA,0,0,0,0,630525,La Quinta,4,16
267.9267,16.391,5.76,Riverside,Riverside,7.5994,49,92.36,0,0,19.136,CA,0,0,0,0,604500,La Quinta,5,17
270.1561,16.2879,3.59,Riverside,Riverside,7.5838,50,95.02,0,0,20.6145,CA,0,0,0,0,578150,La Quinta,5,17
258.8528,18.5169,3.26,Riverside,Riverside,7.4439,51,95.65,0,0,20.0265,CA,0,0,0,0,583504.5,La Quinta,5,17
253.4761,19.257,3.11,Riverside,Riverside,7.3558,52,95.84,0,0,17.1486,CA,0,0,0,0,601768.15,La Quinta,5,18
256.6405,22.3508,3.18,Riverside,Riverside,7.278,53,95.7,0,0,19.0722,CA,0,0,0,0,620236.35,La Quinta,5,18
252.8245,22.3935,3.04,Riverside,Riverside,7.2002,54,95.98,0,0,21.2968,CA,0,0,0,0,617750,La Quinta,5,18
241.6514,26.3107,2.88,Riverside,Riverside,7.3039,55,96.34,0,0,23.0294,CA,0,0,0,0,578000,La Quinta,5,19
227.3213,29.2399,2.64,Riverside,Riverside,7.2936,56,96.66,0,0,24.4502,CA,0,0,0,0,550500,La Quinta,5,19
194.9118,39.7784,1.94,Riverside,Riverside,7.3402,57,97.31,0,0,26.3321,CA,0,0,0,0,495000,La Quinta,5,19
197.9986,43.336,2.31,Riverside,Riverside,7.3039,58,96.87,248.8973232,0,18.7204,CA,0,0.9037,545000,0,425250,La Quinta,5,20
200.277,42.733,1.82,Riverside,Riverside,7.2314,59,97.52,242.4557752,0,13.2824,CA,0,0.9198,499900,0,444475,La Quinta,5,20
194.5188,36.8964,1.63,Riverside,Riverside,7.0758,60,97.78,234.3823391,0,13.8744,CA,0,0.933,495000,0,433400,La Quinta,5,20
197.0008,38.4909,0.67,Riverside,Riverside,7.0344,61,99.17,231.0393258,0,15.9399,CA,0,0.934,495000,0,467375,La Quinta,6,21
200.6981,37.2488,1.9,Riverside,Riverside,7.0603,62,97.5,234.3823391,0,17.4533,CA,0,0.9313,499000,0,436500,La Quinta,6,21
192.8957,38.1492,2.58,Riverside,Riverside,6.8374,63,96.92,226.2295082,0,17.1082,CA,0,0.921,495000,0,415000,La Quinta,6,21
195.8413,35.5971,3.98,Riverside,Riverside,6.5523,64,95.39,232.5141777,0,13.548,CA,0,0.923,499000,0,425000,La Quinta,6,22
194.7383,33.8374,4.74,Riverside,Riverside,6.2876,65,94.15,227.0955166,0,13.8651,CA,0,0.934,499000,0,426750,La Quinta,6,22
193.081,28.7167,6.44,Riverside,Riverside,6.2999,66,91.99,223.760396,0,19.0099,CA,0,0.9348,499000,0,436475,La Quinta,6,22
185.3676,25.1619,7.75,Riverside,Riverside,6.3033,67,90.6,225.8368694,0,19.8871,CA,0,0.9444,499000,0,392275,La Quinta,6,23
179.7838,31.8846,10.91,Riverside,Riverside,6.4067,68,86.23,229.1987673,0,23.0805,CA,0,0.9482,518800,0,394625,La Quinta,6,23
176.3899,34.7498,16.49,Riverside,Riverside,6.4695,69,79.89,230.4964539,0,23.7879,CA,0,0.945,519000,0,374000,La Quinta,6,23
171.3394,37.9126,18.37,Riverside,Riverside,6.5409,70,77.36,228.7681714,0,25.6026,CA,0,0.9511,525000,0,338625,La Quinta,6,24
172.1113,35.2821,21.37,Riverside,Riverside,6.7679,71,73.72,227.9299848,0,23.5158,CA,0,0.9492,499000,0,360000,La Quinta,6,24
170.0011,31.0541,30.11,Riverside,Riverside,7.1547,72,63.65,227.9299848,0,28.1122,CA,0,0.9546,499000,0,348250,La Quinta,6,24
175.657,26.0777,44.96,Riverside,Riverside,7.2683,73,45.98,225.3944403,0,24.2371,CA,0,0.9433,499000,0,339750,La Quinta,7,25
186.4196,29.0724,38.73,Riverside,Riverside,7.3948,74,52.94,225.3384913,12.0045,23.1952,CA,0,0.9421,500000,166,364450,La Quinta,7,25
190.1684,27.3562,52.82,Riverside,Riverside,7.684,75,38.78,225.4887218,14.2857,22.4355,CA,0,0.9402,509000,189,366950,La Quinta,7,25
194.6811,26.211,48.61,Riverside,Riverside,7.9731,76,42.84,227.7614858,15.4571,25.2566,CA,0,0.9455,537564,188,444850,La Quinta,7,26
196.3867,27.6299,51.98,Riverside,Riverside,8.182,77,39.22,227.2393539,15.3433,25.4779,CA,0,0.9455,530000,187,493275,La Quinta,7,26
197.2253,27.9606,49.18,Riverside,Riverside,8.389,78,42.39,221.1221122,15.1014,27.9419,CA,0,0.9473,519000,184,457975,La Quinta,7,26
180.5702,28.1375,47.17,Riverside,Riverside,8.3881,79,43.68,218.2163188,12.5591,21.8508,CA,0,0.9436,499900,194,391400,La Quinta,7,27
164.4413,30.0723,41.62,Riverside,Riverside,8.3208,80,49.3,209.6985583,10.6893,19.2156,CA,0,0.9477,450000,186,320000,La Quinta,7,27
157.8074,30.6527,33.19,Riverside,Riverside,8.326,81,58.06,207.6562042,13.4767,22.2931,CA,0,0.9513,459900,195,328950,La Quinta,7,27
151.1364,33.3656,27.89,Riverside,Riverside,8.398,82,63.04,208.0291971,15.7804,25.6702,CA,13.3,0.95,469000,194,312400,La Quinta,7,28
154.3909,35.9928,28.36,Riverside,Riverside,8.3463,83,62.54,214.0997401,16.5977,23.8719,CA,12.62,0.9443,495000,198,308000,La Quinta,7,28
166.0679,37.4879,22.85,Riverside,Riverside,8.0337,84,68.99,209.7744361,17.8406,17.0846,CA,11.87,0.9495,479900,190,367750,La Quinta,7,28
167.8708,37.5926,15.81,Riverside,Riverside,8.0403,85,77.66,211.4791988,16.9927,20.0737,CA,11.74,0.9467,495000,223,370500,La Quinta,8,29
167.2922,31.9551,12.89,Riverside,Riverside,8.1764,86,81.64,209.039548,17.2777,22.2802,CA,9.85,0.9447,475000,422,381000,La Quinta,8,29
171.6029,31.2321,11.91,Riverside,Riverside,8.2687,87,82.75,206.7381317,16.4777,27.3508,CA,9.89,0.9465,465000,410,413250,La Quinta,8,29
173.0599,30.0126,13.31,Riverside,Riverside,8.2533,88,81.2,202.5723473,17.3165,23.583,CA,9.82,0.9453,450000,377,431000,La Quinta,8,30
171.419,26.6992,9.31,Riverside,Riverside,8.2226,89,86.47,205.730659,15.3265,18.0251,CA,9.97,0.9389,469000,391,420500,La Quinta,8,30
169.5011,31.28,9.14,Riverside,Riverside,8.224,90,87.23,206.6115702,13.4763,20.0052,CA,9.9,0.9497,469000,346,391150,La Quinta,8,30
156.3264,32.2483,9.91,Riverside,Riverside,8.2086,91,85.77,200.4935225,12.1006,20.6899,CA,9.7,0.961,450000,399,352600,La Quinta,8,31
150.8561,32.4112,12.28,Riverside,Riverside,8.306,92,82.91,200.8709853,10.5352,20.1132,CA,9.94,0.9639,449900,408,303625,La Quinta,8,31
145.2844,31.9528,12.81,Riverside,Riverside,8.4342,93,82.01,199.2668622,10.3851,20.1959,CA,9.84,0.9609,465000,416,271625,La Quinta,8,31
134.7391,35.5639,15.65,Riverside,Riverside,8.2598,94,79.09,200.18226,11.0863,17.9137,CA,9.59,0.9613,465000,437,267600,La Quinta,8,32
140.437,34.7725,16.31,Riverside,Riverside,8.1163,95,78.66,199.9070056,10.8497,15.2598,CA,9.43,0.9636,475000,429,294650,La Quinta,8,32
150.49,33.7808,19.97,Riverside,Riverside,8.1727,96,72.14,203.0508475,10.136,15.1872,CA,9.32,0.9637,476000,410,303250,La Quinta,8,32
157.1475,33.7357,25.75,Riverside,Riverside,8.2068,97,65.04,203.9730401,11.4536,18.8796,CA,9.21,0.9537,499000,403,309150,La Quinta,9,33
156.7392,27.998,29.13,Riverside,Riverside,8.1188,98,61.08,205.1581325,12.5773,17.0484,CA,9.15,0.9475,495000,393,283100,La Quinta,9,33
169.0261,24.7456,40.05,Riverside,Riverside,8.0927,99,50.94,208.1824765,12.3974,12.2502,CA,9.19,0.9531,499000,414,348000,La Quinta,9,33
175.2465,22.0246,44.91,Riverside,Riverside,8.0464,100,44.54,209.2050209,13.3304,8.8035,CA,9.29,0.9488,499000,411,381000,La Quinta,9,34
168.4166,21.122,54.84,Riverside,Riverside,8.103,101,35.25,208.8948787,11.1111,11.2822,CA,9.43,0.9547,499000,404,356000,La Quinta,9,34
166.9989,19.4466,57.95,Riverside,Riverside,7.9129,102,32.5,210.7043986,8.9962,11.4705,CA,9.79,0.9572,499000,415,362500,La Quinta,9,34
163.1194,20.4307,64.6,Riverside,Riverside,7.9385,103,26.57,205.439162,8.0713,12.377,CA,10.07,0.9593,449000,397,348400,La Quinta,9,35
159.2444,21.2915,62.16,Riverside,Riverside,7.8615,104,29.23,196.0655738,7.3521,10.6319,CA,10.24,0.9697,429000,410,323850,La Quinta,9,35
149.5821,21.243,71.74,Riverside,Riverside,7.7998,105,21.29,199.2376992,7.265,10.8668,CA,10.25,0.9818,435000,405,292000,La Quinta,9,35
142.6953,19.2986,79.57,Riverside,Riverside,7.9745,106,15.14,198.6988408,7.7159,11.4129,CA,10.14,0.9785,439000,423,278750,La Quinta,9,36
147.0414,15.5109,81.83,Riverside,Riverside,8.2404,107,12.93,217.7419355,8.997,13.2004,CA,10.1,0.9759,499000,457,282250,La Quinta,9,36
153.8392,14.2065,82.4,Riverside,Riverside,8.2032,108,12.71,225.6279268,9.9938,11.5448,CA,10.08,0.9739,530000,497,296825,La Quinta,9,36
160.8729,14.494,88.26,Riverside,Riverside,8.2147,109,8.71,229.1381669,12.2869,10.1045,CA,10.13,0.9682,549000,499,316425,La Quinta,10,37
160.3986,16.5313,91.05,Riverside,Riverside,8.2198,110,6.85,230.9058615,15.756,7.536,CA,10.33,0.9706,575000,496,306650,La Quinta,10,37
168.4737,15.2909,91.78,Riverside,Riverside,8.0918,111,5.97,232.2524102,14.9068,6.803,CA,10.61,0.9669,575000,540,323350,La Quinta,10,37
183.007,10.976,92.47,Riverside,Riverside,8.1481,112,5.78,231.6108007,14.0606,5.0668,CA,10.83,0.9618,575000,574,381750,La Quinta,10,38
189.9617,8.601,90.87,Riverside,Riverside,8.2096,113,7.03,230.4469274,12.7865,3.8533,CA,11.17,0.9585,549000,660,408500,La Quinta,10,38
187.3801,6.952,93.44,Riverside,Riverside,8.1942,114,4.7,227.4069699,11.2685,3.9981,CA,11.48,0.9628,519000,610,393400,La Quinta,10,38
180.6497,6.9804,93.69,Riverside,Riverside,8.1506,115,4.74,226.8502582,9.6179,3.6862,CA,11.79,0.9657,500000,620,378350,La Quinta,10,39
181.9099,6.91,93.9,Riverside,Riverside,8.0738,116,4.75,215.9209157,8.3799,2.3275,CA,12.09,0.9653,475900,606,366750,La Quinta,10,39
173.5292,6.4529,94.25,Riverside,Riverside,8.0123,117,4.33,215.5997057,8.472,3.4726,CA,12.04,0.9683,469000,459,342250,La Quinta,10,39
178.5495,7.16,94.71,Riverside,Riverside,8.0072,118,3.88,223.4465086,10.5991,5.6262,CA,12,0.9659,499000,510,366000,La Quinta,10,40
191.3787,9.5545,92.62,Riverside,Riverside,7.874,119,4.97,228.7184284,11.7647,5.1941,CA,11.84,0.9665,535000,580,388000,La Quinta,10,40
187.6617,10.8577,90.08,Riverside,Riverside,7.7613,120,6.63,228.0187573,12.936,3.4349,CA,11.69,0.9616,539000,492,384000,La Quinta,10,40
190.2423,8.2913,88.01,Riverside,Riverside,7.7971,121,8.37,229.4567712,15.2146,3.3881,CA,11.31,0.9601,542000,540,401050,La Quinta,11,41
188.2934,6.4912,82.88,Riverside,Riverside,7.7715,122,12.07,230.8786909,16.7738,3.0796,CA,11.18,0.96,549000,477,373775,La Quinta,11,41
197.3403,7.0394,82.07,Riverside,Riverside,7.7766,123,12.92,230.8786909,18.746,2.0573,CA,11.28,0.9561,549000,399,370225,La Quinta,11,41
199.0359,6.652,77.48,Riverside,Riverside,7.5564,124,16.65,229.9843014,20.0494,2.6324,CA,11.45,0.9527,549000,459,419785,La Quinta,11,42
207.7784,7.0013,71.95,Riverside,Riverside,7.3361,125,21.59,229.6296296,18.6895,1.7326,CA,11.56,0.9511,545000,423,447515,La Quinta,11,42
202.4383,8.7026,67.27,Riverside,Riverside,7.167,126,26.17,225.3106606,14.0944,2.0444,CA,11.72,0.961,529000,421,396250,La Quinta,11,42
190.5679,7.5323,63.93,Riverside,Riverside,7.208,127,29.67,223.8023952,10.3976,3.3392,CA,11.85,0.9641,525000,406,347250,La Quinta,11,43
189.9972,5.8066,59.37,Riverside,Riverside,7.1619,128,33.63,221.4076246,8.3939,2.8187,CA,11.97,0.9673,519000,436,411500,La Quinta,11,43
187.8802,5.0101,56.34,Riverside,Riverside,7.126,129,36.82,224.2424242,8.4249,2.0384,CA,11.76,0.9661,519900,469,402000,La Quinta,11,43
187.8081,5.156,51.65,Riverside,Riverside,7.0287,130,41.51,229.3233083,10.8452,2.9048,CA,11.28,0.9682,530000,433,396250,La Quinta,11,44
199.1622,5.8617,49.73,Riverside,Riverside,6.8443,131,43.58,234.0980188,11.8755,3.028,CA,11.02,0.9601,560000,402,390700,La Quinta,11,44
198.8126,7.0353,46.77,Riverside,Riverside,6.7059,132,46.59,235.4809437,12.3404,2.9161,CA,10.7,0.9595,589000,431,373450,La Quinta,11,44
211.1284,6.4545,46.28,Riverside,Riverside,6.5113,133,47.25,236.0311284,15.9505,2.9647,CA,10.36,0.9563,589000,400,384850,La Quinta,12,45
209.9556,5.1053,46.23,Riverside,Riverside,6.3883,134,47.17,240.1174845,18.4502,3.1082,CA,10.32,0.953,595500,397,396750,La Quinta,12,45
209.3061,4.8111,46.53,Riverside,Riverside,6.1732,135,46.68,0,0,2.6296,CA,10.44,0,0,405,395000,La Quinta,12,45
197.1348,5.048,49.3,Riverside,Riverside,6.1578,136,42.19,0,0,1.7308,CA,10.66,0,0,462,378500,La Quinta,12,46
191.9416,5.077,50.51,Riverside,Riverside,6.0707,137,40.52,0,0,1.2099,CA,11.09,0,0,465,375350,La Quinta,12,46
190.5477,3.3372,50.71,Riverside,Riverside,6.1219,138,39.46,0,0,2.3531,CA,11.4,0,0,478,375550,La Quinta,12,46
93.3958,0,96.35,Tampa,Pinellas,9.4623,1,2.15,0,0,0,FL,0,0,0,0,110450,Pinellas Park,1,1
91.6697,0,95.32,Tampa,Pinellas,9.5027,2,2.6,0,0,0,FL,0,0,0,0,107010,Pinellas Park,1,1
96.9577,0,97.32,Tampa,Pinellas,9.6238,3,1.67,0,0,0,FL,0,0,0,0,113650,Pinellas Park,1,1
100.6533,0,96.74,Tampa,Pinellas,9.7113,4,1.95,0,0,0,FL,0,0,0,0,115425,Pinellas Park,1,2
104.8871,0,97.76,Tampa,Pinellas,9.6574,5,1.25,0,0,0,FL,0,0,0,0,119590,Pinellas Park,1,2
105.5133,0,98.23,Tampa,Pinellas,9.6574,6,0.97,0,0,0,FL,0,0,0,0,120035,Pinellas Park,1,2
105.8247,0,98.38,Tampa,Pinellas,9.5027,7,0.84,0,0,0,FL,0,0,0,0,124375,Pinellas Park,1,3
105.5148,0,98.56,Tampa,Pinellas,9.5498,8,0.88,0,0,0,FL,0,0,0,0,125650,Pinellas Park,1,3
106.7759,0,98.22,Tampa,Pinellas,9.4757,9,1.1,0,0,0,FL,0,0,0,0,125695,Pinellas Park,1,3
105.5235,0,98.27,Tampa,Pinellas,9.3344,10,1.05,0,0,0,FL,0,0,0,0,125355,Pinellas Park,1,4
108.5771,0,98.64,Tampa,Pinellas,9.4623,11,0.9,0,0,0,FL,0,0,0,0,127175,Pinellas Park,1,4
110.1803,0,98.81,Tampa,Pinellas,9.8055,12,0.7,0,0,0,FL,0,0,0,0,131425,Pinellas Park,1,4
113.2706,0,98.82,Tampa,Pinellas,9.543,13,0.74,0,0,0,FL,0,0,0,0,133565,Pinellas Park,2,5
111.656,0,99.3,Tampa,Pinellas,9.5632,14,0.41,0,0,0,FL,0,0,0,0,131585,Pinellas Park,2,5
114.2533,0,99.24,Tampa,Pinellas,9.57,15,0.5,0,0,0,FL,0,0,0,0,136715,Pinellas Park,2,5
116.3942,0,99.12,Tampa,Pinellas,9.4084,16,0.55,0,0,0,FL,0,0,0,0,140935,Pinellas Park,2,6
118.9335,0,99.2,Tampa,Pinellas,9.6103,17,0.53,0,0,0,FL,0,0,0,0,141985,Pinellas Park,2,6
125.6053,0,99.4,Tampa,Pinellas,10.0411,18,0.4,0,0,0,FL,0,0,0,0,145730,Pinellas Park,2,6
132.1822,0,99.43,Tampa,Pinellas,10.1757,19,0.43,0,0,0,FL,0,0,0,0,149350,Pinellas Park,2,7
135.6607,0,99.63,Tampa,Pinellas,10.3708,20,0.25,0,0,0,FL,0,0,0,0,150510,Pinellas Park,2,7
135.788,0,99.72,Tampa,Pinellas,10.465,21,0.23,0,0,0,FL,0,0,0,0,155175,Pinellas Park,2,7
134.9415,0,99.67,Tampa,Pinellas,10.5391,22,0.27,0,0,0,FL,0,0,0,0,155215,Pinellas Park,2,8
140.1598,0,99.54,Tampa,Pinellas,10.6602,23,0.35,0,0,0,FL,0,0,0,0,162710,Pinellas Park,2,8
145.8036,0,99.42,Tampa,Pinellas,10.6939,24,0.39,0,0,0,FL,0,0,0,0,165025,Pinellas Park,2,8
148.1586,0,99.39,Tampa,Pinellas,10.6939,25,0.53,0,0,0,FL,0,0,0,0,170700,Pinellas Park,3,9
151.3183,0,99.23,Tampa,Pinellas,10.6939,26,0.67,0,0,0,FL,0,0,0,0,168465,Pinellas Park,3,9
150.3496,0,98.9,Tampa,Pinellas,10.5794,27,0.79,0,0,0,FL,0,0,0,0,171485,Pinellas Park,3,9
151.3481,0,98.82,Tampa,Pinellas,10.4785,28,0.91,0,0,0,FL,0,0,0,0,173500,Pinellas Park,3,10
153.899,0,98.08,Tampa,Pinellas,10.2497,29,1.31,0,0,0,FL,0,0,0,0,175000,Pinellas Park,3,10
155.8625,0,96.6,Tampa,Pinellas,9.7651,30,2.26,0,0,0,FL,0,0,0,0,170000,Pinellas Park,3,10
154.8665,0,91.35,Tampa,Pinellas,9.4354,31,4.72,0,0,0,FL,0,0,0,0,174000,Pinellas Park,3,11
155.2425,0,86.88,Tampa,Pinellas,9.0652,32,6.87,0,0,0,FL,0,0,0,0,172750,Pinellas Park,3,11
150.4157,0,65.59,Tampa,Pinellas,8.7018,33,21.76,0,0,0,FL,0,0,0,0,181750,Pinellas Park,3,11
150.6315,0,36.62,Tampa,Pinellas,8.6008,34,49.64,0,0,0,FL,0,0,0,0,189675,Pinellas Park,3,12
151.9842,0,29.15,Tampa,Pinellas,8.1971,35,59.99,0,0,0,FL,0,0,0,0,184325,Pinellas Park,3,12
146.8846,0,20.32,Tampa,Pinellas,7.8269,36,70.76,0,0,0,FL,0,0,0,0,178000,Pinellas Park,3,12
142.5268,0,12.58,Tampa,Pinellas,7.4298,37,81.52,0,0,0,FL,0,0,0,0,162500,Pinellas Park,4,13
145.1875,0,12.24,Tampa,Pinellas,7.1472,38,81.58,0,0,0,FL,0,0,0,0,163750,Pinellas Park,4,13
146.0074,0,9.57,Tampa,Pinellas,6.9251,39,85.2,0,0,0,FL,0,0,0,0,176500,Pinellas Park,4,13
142.9205,0,9.86,Tampa,Pinellas,6.6155,40,84.81,0,0,0,FL,0,0,0,0,168950,Pinellas Park,4,14
140.3442,0,6.97,Tampa,Pinellas,6.3396,41,89.2,0,0,0,FL,0,0,0,0,164960,Pinellas Park,4,14
139.0621,0,8.06,Tampa,Pinellas,6.03,42,87.41,0,0,0,FL,0,0,0,0,165940,Pinellas Park,4,14
136.2626,0,4.97,Tampa,Pinellas,5.9964,43,92.15,0,0,0,FL,0,0,0,0,168250,Pinellas Park,4,15
132.1064,0,1.88,Tampa,Pinellas,5.7877,44,96.68,0,0,0,FL,0,0,0,0,171800,Pinellas Park,4,15
130.7238,0,2.78,Tampa,Pinellas,5.5589,45,95.23,0,0,0,FL,0,0,0,0,162900,Pinellas Park,4,15
130.2226,0,2.29,Tampa,Pinellas,5.2628,46,95.98,0,0,0,FL,0,0,0,0,158765,Pinellas Park,4,16
135.2945,0,1.54,Tampa,Pinellas,5.2022,47,97.32,0,0,0,FL,0,0,0,0,153235,Pinellas Park,4,16
129.7458,0,2.2,Tampa,Pinellas,4.9801,48,96.03,0,0,0,FL,0,0,0,0,156200,Pinellas Park,4,16
115.3141,0,0.55,Tampa,Pinellas,4.9398,49,99.23,0,0,0,FL,0,0,0,0,158500,Pinellas Park,5,17
100.1771,0,0.73,Tampa,Pinellas,4.8927,50,98.83,0,0,0,FL,0,0,0,0,136250,Pinellas Park,5,17
107.4701,0,1.08,Tampa,Pinellas,4.684,51,98.35,0,0,0,FL,0,0,0,0,139875,Pinellas Park,5,17
108.5213,0,0.95,Tampa,Pinellas,4.5898,52,98.46,0,0,0,FL,0,0,0,0,137825,Pinellas Park,5,18
108.9929,0,0.92,Tampa,Pinellas,4.4216,53,98.45,0,0,0,FL,0,0,0,0,140930,Pinellas Park,5,18
111.0967,0,0.5,Tampa,Pinellas,4.1726,54,99.06,0,0,0,FL,0,0,0,0,137280,Pinellas Park,5,18
111.3103,0,0.52,Tampa,Pinellas,4.011,55,99.14,0,0,0,FL,0,0,0,0,147990,Pinellas Park,5,19
110.4509,0,0.6,Tampa,Pinellas,3.8159,56,99,0,0,0,FL,0,0,0,0,142900,Pinellas Park,5,19
109.0256,0,0.42,Tampa,Pinellas,3.7015,57,99.45,0,0,0,FL,0,0,0,0,129750,Pinellas Park,5,19
110.7309,0,0.53,Tampa,Pinellas,3.6611,58,99.1,117.0960187,0,0,FL,0,0.88245676,149000,0,136400,Pinellas Park,5,20
116.2645,0,0.47,Tampa,Pinellas,3.6274,59,99.31,111.3089938,0,0,FL,0,0.881126798,140000,0,136450,Pinellas Park,5,20
103.0096,0,0.18,Tampa,Pinellas,3.5332,60,99.62,110.8508977,0,0,FL,0,0.879796836,139900,0,123625,Pinellas Park,5,20
105.8668,0,2.11,Tampa,Pinellas,3.5332,61,97.32,108.3193277,0,0,FL,0,0.878466874,135000,0,132000,Pinellas Park,6,21
94.018,0,1.2,Tampa,Pinellas,3.513,62,98.52,107.9182631,0,0,FL,0,0.877136912,135000,0,115585,Pinellas Park,6,21
93.476,0,1.22,Tampa,Pinellas,3.5063,63,98.48,107.012848,0,0,FL,0,0.875806949,133575,0,106390,Pinellas Park,6,21
88.5219,0,1.08,Tampa,Pinellas,3.5063,64,98.62,103.9156627,0,0,FL,0,0.874476987,129900,0,104950,Pinellas Park,6,22
89.8196,0,0.99,Tampa,Pinellas,3.5051,65,98.56,99.77703456,0,0,FL,0,0.9162,124000,0,113750,Pinellas Park,6,22
89.4898,0,1.26,Tampa,Pinellas,3.5315,66,98.46,98.34645669,0,0,FL,0,0.9487,119877,0,113965,Pinellas Park,6,22
88.1722,0,1.48,Tampa,Pinellas,3.7027,67,97.94,97.43135518,0,0,FL,0,0.9796,115000,0,114335,Pinellas Park,6,23
85.5981,0,2.06,Tampa,Pinellas,3.8165,68,97.32,94.24528302,0,0,FL,0,0.9704,110000,0,101900,Pinellas Park,6,23
91.0624,0,2.95,Tampa,Pinellas,3.8864,69,96.2,93.36677815,0,0,FL,0,0.9604,115000,0,110500,Pinellas Park,6,23
94.6103,0,2.64,Tampa,Pinellas,4.07,70,96.3,92.20512821,0,0,FL,0,0.9648,114000,0,117200,Pinellas Park,6,24
94.8399,0,4.46,Tampa,Pinellas,4.1295,71,93.46,89.75521306,0,0,FL,0,0.9531,109900,0,116965,Pinellas Park,6,24
89.0056,0,5.19,Tampa,Pinellas,4.2881,72,92.32,88.8,0,0,FL,0,0.945,109900,0,108360,Pinellas Park,6,24
80.2225,0,5.24,Tampa,Pinellas,4.3211,73,91.77,87.64241893,0,0,FL,0,0.9329,104500,0,92525,Pinellas Park,7,25
74.0533,0,15.19,Tampa,Pinellas,4.3343,74,77.38,88,12.0846,0,FL,0,0.9439,104900,16,82265,Pinellas Park,7,25
72.4442,0,11.08,Tampa,Pinellas,4.4136,75,82.93,86.61417323,12.844,0,FL,0,0.9565,100000,23,81535,Pinellas Park,7,25
77.9317,0,17.59,Tampa,Pinellas,4.5193,76,75.32,86.20689655,16.004,0,FL,0,0.9539,104000,21,94775,Pinellas Park,7,26
79.734,0,13.6,Tampa,Pinellas,4.5217,77,80.36,85.91549296,14.0238,0,FL,0,0.9514,109500,21,95075,Pinellas Park,7,26
85.6527,0,12.67,Tampa,Pinellas,4.601,78,81.62,84.72727273,12.7715,0,FL,0,0.9534,109000,15,102515,Pinellas Park,7,26
83.9567,0,15.14,Tampa,Pinellas,4.522,79,78.64,83.58895706,13.4663,0,FL,0,0.9407,99900,13,106335,Pinellas Park,7,27
74.2932,0,11.48,Tampa,Pinellas,4.4625,80,82.63,82.36272879,12.6043,0,FL,0,0.9459,99900,40,94495,Pinellas Park,7,27
71.9331,0,9.94,Tampa,Pinellas,4.5485,81,85.19,78.45345345,13.5237,0,FL,0,0.9449,95000,51,94270,Pinellas Park,7,27
73.0953,0,7.92,Tampa,Pinellas,4.8724,82,87.63,78.95256917,13.5213,0,FL,7.7,0.9461,95000,54,89485,Pinellas Park,7,28
78.0933,0,9.32,Tampa,Pinellas,4.7732,83,85.46,78.95256917,13.7026,0,FL,7.61,0.9462,96000,56,88750,Pinellas Park,7,28
76.9077,0,11.88,Tampa,Pinellas,4.8977,84,81.71,77.5862069,14.2857,0,FL,7.53,0.9437,95900,72,83850,Pinellas Park,7,28
69.5825,0,8.8,Tampa,Pinellas,4.9507,85,86.77,78.05970149,15.0685,0,FL,7.5,0.9464,94900,73,76125,Pinellas Park,8,29
66.7582,0,7.03,Tampa,Pinellas,4.9527,86,89.17,79.25126904,14.1005,0,FL,7.37,0.9516,95900,58,76775,Pinellas Park,8,29
65.8905,0,7.62,Tampa,Pinellas,4.9964,87,88.58,79.41437445,13.4013,0,FL,7.33,0.9388,95000,60,78850,Pinellas Park,8,29
67.3947,0,6.94,Tampa,Pinellas,4.941,88,89.14,77.68595041,12.5487,0,FL,7.35,0.9405,95000,45,85650,Pinellas Park,8,30
68.0992,0,6.86,Tampa,Pinellas,4.8879,89,89.39,78.77501516,12.3839,0,FL,7.26,0.9443,99000,49,86350,Pinellas Park,8,30
67.2602,0,5.88,Tampa,Pinellas,4.8347,90,90.93,78.77501516,11.1444,0,FL,7.22,0.9443,99900,37,93975,Pinellas Park,8,30
68.7092,0,6.07,Tampa,Pinellas,4.8016,91,89.68,77.34375,11.8755,0,FL,7.13,0.9298,92000,41,86600,Pinellas Park,8,31
68.313,0,8.73,Tampa,Pinellas,4.828,92,86.34,78.66300366,12.6342,0,FL,7.12,0.9405,94500,50,80100,Pinellas Park,8,31
67.9461,0,10.19,Tampa,Pinellas,4.7754,93,84.57,75.66287879,11.7194,0,FL,6.95,0.9421,89900,62,75050,Pinellas Park,8,31
68.567,0,19.68,Tampa,Pinellas,4.8348,94,73.51,76.53256705,11.7749,0,FL,6.92,0.9393,89900,78,77230,Pinellas Park,8,32
67.6476,0,11.46,Tampa,Pinellas,4.9469,95,83.15,74.86766542,12.478,0,FL,6.85,0.9327,89900,98,79070,Pinellas Park,8,32
66.601,0,14.76,Tampa,Pinellas,4.9469,96,79.15,73.95693136,10.0713,0,FL,6.77,0.9285,89000,96,80000,Pinellas Park,8,32
64.15375309,0,20.25,Tampa,Pinellas,4.9403,97,73.58,76.11940299,11.5215,0,FL,6.67,0.9435,94900,109,78400,Pinellas Park,9,33
61.70650617,0,27.38,Tampa,Pinellas,4.9469,98,65.57,76.69642857,11.6681,0,FL,6.68,0.9528,95950,104,76800,Pinellas Park,9,33
59.25925926,0,29.7,Tampa,Pinellas,4.8875,99,62.66,75.401322,11.3748,0,FL,6.64,0.9586,92000,103,75200,Pinellas Park,9,33
60.8198,0,32.85,Tampa,Pinellas,4.9205,100,59.35,73.37780473,10.902,0,FL,6.73,0.959,89900,105,77435.2941,Pinellas Park,9,34
63.0481,0,38.19,Tampa,Pinellas,5.1455,101,53.24,74.31355182,8.7621,0,FL,6.72,0.9552,85000,106,80486.8778,Pinellas Park,9,34
65.2764,0,43.05,Tampa,Pinellas,5.2486,102,47.15,72.91666667,7.68,0,FL,6.56,0.9454,85000,156,83538.4615,Pinellas Park,9,34
74.7324,0,47.69,Tampa,Pinellas,5.3734,103,42.6,72.04819277,7.2464,0,FL,6.55,0.9353,84900,152,84900,Pinellas Park,9,35
76.2628,0,47.24,Tampa,Pinellas,5.5446,104,42.94,75.41899441,7.7922,0,FL,6.54,0.9341,99000,186,86950,Pinellas Park,9,35
75.1263,0,51,Tampa,Pinellas,5.5907,105,40.49,75.80351728,8.1487,0,FL,6.54,0.943,95000,252,81335,Pinellas Park,9,35
69.307,0,54.39,Tampa,Pinellas,5.7224,106,36.72,76.74180328,7.8571,0,FL,6.52,0.951,95000,219,77065,Pinellas Park,9,36
60.9049,0,65.22,Tampa,Pinellas,5.8146,107,27.51,78.41907152,8.1197,0,FL,6.57,0.9608,97500,195,64985,Pinellas Park,9,36
62.9239,0,64.53,Tampa,Pinellas,5.6368,108,29.43,78.125,9.4444,0,FL,6.64,0.965,95000,186,69500,Pinellas Park,9,36
66.9906,0,74.82,Tampa,Pinellas,5.703,109,19.23,77.94326241,9.8691,0,FL,6.73,0.9677,95000,216,79050,Pinellas Park,10,37
76.0893,0,69.78,Tampa,Pinellas,5.5581,110,22.81,76.99530516,14.8368,0,FL,6.78,0.9662,98900,180,97650,Pinellas Park,10,37
74.3596,0,73.89,Tampa,Pinellas,5.7162,111,19.89,78.66582756,13.8889,0,FL,6.82,0.9557,99000,103,94400,Pinellas Park,10,37
73.2027,0,78.5,Tampa,Pinellas,5.6778,112,16.37,78.66582756,14.6018,0,FL,6.93,0.9523,99900,106,99750,Pinellas Park,10,38
66.4725,0,77.23,Tampa,Pinellas,5.7696,113,17.71,77.08241516,13.5821,0,FL,7.01,0.9524,95000,132,78595,Pinellas Park,10,38
60.5441,0,82.65,Tampa,Pinellas,5.9735,114,12.03,78.44677138,13.985,0,FL,7,0.9535,95000,123,73455,Pinellas Park,10,38
67.9596,0,85.28,Tampa,Pinellas,6.2295,115,9.87,78.33988212,15.5825,0,FL,7.05,0.9665,95000,110,94800,Pinellas Park,10,39
72.8249,0,87.96,Tampa,Pinellas,6.3017,116,8.08,80.18518519,14.6233,0,FL,7.12,0.9783,97000,137,99750,Pinellas Park,10,39
71.5543,0,89.76,Tampa,Pinellas,6.4395,117,7.02,80.59895833,16.6405,0,FL,7.26,0.9724,99900,78,92050,Pinellas Park,10,39
76.2135,0,90.95,Tampa,Pinellas,6.433,118,6.06,78.22922984,15.8779,0,FL,7.38,0.9721,97000,87,93000,Pinellas Park,10,40
86.4786,0,90.67,Tampa,Pinellas,6.433,119,6.56,78.61111111,15.6535,0,FL,7.49,0.9745,95000,120,110000,Pinellas Park,10,40
78.5232,0,90.52,Tampa,Pinellas,6.6627,120,6.47,78.51239669,15.84,0,FL,7.63,0.9727,94900,82,98785,Pinellas Park,10,40
74.8567,0,90.92,Tampa,Pinellas,6.689,121,6.57,75.8974359,16.2461,0,FL,7.67,0.9586,89000,79,86267.5,Pinellas Park,11,41
74.0703,0,92.52,Tampa,Pinellas,6.7546,122,5.4,79.12395154,17.0279,0,FL,7.69,0.9477,90000,87,73750,Pinellas Park,11,41
77.4034,0,89.66,Tampa,Pinellas,6.7415,123,7.41,80.90277778,18.5015,0,FL,7.63,0.9626,90000,68,88050,Pinellas Park,11,41
75.2064,0,89.73,Tampa,Pinellas,6.8597,124,7.42,80.25247971,17.6912,0,FL,7.53,0.9727,89900,67,86900,Pinellas Park,11,42
76.2302,0,87.28,Tampa,Pinellas,6.8071,125,9.33,79.75460123,18.6957,0,FL,7.84,0.9728,89900,87,90450,Pinellas Park,11,42
78.3412,0,87.37,Tampa,Pinellas,6.6693,126,9.87,81.56462585,16.5761,0,FL,7.92,0.9786,90000,90,90600,Pinellas Park,11,42
74.7814,0,86.08,Tampa,Pinellas,6.4527,127,10.94,87.21846847,16.5266,0,FL,7.95,0.9777,99900,103,92850,Pinellas Park,11,43
76.011,0,84.59,Tampa,Pinellas,6.5708,128,12.01,87.33333333,15.1316,0,FL,7.99,0.989,105000,93,106375,Pinellas Park,11,43
78.0763,0,82.43,Tampa,Pinellas,6.6496,129,13.63,87.33333333,14.9351,0,FL,8.03,0.9858,105000,102,112525,Pinellas Park,11,43
72.2014,0,80.33,Tampa,Pinellas,6.7874,130,15.55,91.66666667,18.6441,0,FL,8.07,0.9747,110000,81,108087.5,Pinellas Park,11,44
78.9172,0,79.29,Tampa,Pinellas,6.7743,131,16.57,87.32394366,18.9928,0,FL,8.09,0.9744,99900,91,103650,Pinellas Park,11,44
88.56,0,77.27,Tampa,Pinellas,6.8334,132,18.35,87.66048502,19.6746,0,FL,8.14,0.9706,100000,90,116350,Pinellas Park,11,44
88.4469,0,77.56,Tampa,Pinellas,6.7546,133,18.32,92,17.1146,0,FL,8.17,0.9838,110900,80,110700,Pinellas Park,12,45
83.012,0,76.54,Tampa,Pinellas,6.8465,134,19.42,95.65217391,18.0088,0,FL,8.25,0.9901,119900,85,93700,Pinellas Park,12,45
87.0792,0,74.54,Tampa,Pinellas,6.9253,135,21.32,0,0,0,FL,8.15,0,0,94,104750,Pinellas Park,12,45
92.3114,0,76.04,Tampa,Pinellas,7.0041,136,19.36,0,0,0,FL,8.17,0,0,93,116850,Pinellas Park,12,46
98.7365,0,76.32,Tampa,Pinellas,6.9253,137,18.74,0,0,0,FL,8.26,0,0,80,128500,Pinellas Park,12,46
96.5332,0,77.36,Tampa,Pinellas,6.7218,138,17.8,0,0,0,FL,8.29,0,0,107,125350,Pinellas Park,12,46
145.4659,1.9599,94.08,Gardnerville Ranchos,Douglas,10.4491,1,4.22,0,0,0.6562,NV,0,0,0,0,212825,Gardnerville,1,1
147.7183,1.1484,96.36,Gardnerville Ranchos,Douglas,10.5231,2,2.85,0,0,0.8504,NV,0,0,0,0,215975,Gardnerville,1,1
151.9602,0.846,96.32,Gardnerville Ranchos,Douglas,10.5601,3,2.93,0,0,0.822728571,NV,0,0,0,0,223525,Gardnerville,1,1
156.6486,1.314,96.29,Gardnerville Ranchos,Douglas,10.8808,4,2.8,0,0,0.795057143,NV,0,0,0,0,231900,Gardnerville,1,2
168.837,1.782,94.31,Gardnerville Ranchos,Douglas,11.0906,5,4.47,0,0,0.767385714,NV,0,0,0,0,239650,Gardnerville,1,2
175.981,1.1413,96.39,Gardnerville Ranchos,Douglas,11.3126,6,2.58,0,0,0.739714286,NV,0,0,0,0,258800,Gardnerville,1,2
179.4288,0.9085,98.7,Gardnerville Ranchos,Douglas,11.621,7,1,0,0,0.712042857,NV,0,0,0,0,267750,Gardnerville,1,3
181.6145,0.6757,98.41,Gardnerville Ranchos,Douglas,11.436,8,1.36,0,0,0.684371429,NV,0,0,0,0,281325,Gardnerville,1,3
195.3072,0.7021,98.49,Gardnerville Ranchos,Douglas,11.3496,9,1.16,0,0,0.6567,NV,0,0,0,0,299200,Gardnerville,1,3
203.6529,0.7285,98.94,Gardnerville Ranchos,Douglas,11.1522,10,0.84,0,0,0.75055,NV,0,0,0,0,303450,Gardnerville,1,4
204.0682,0.7549,98.22,Gardnerville Ranchos,Douglas,11.2139,11,1.36,0,0,0.8444,NV,0,0,0,0,305525,Gardnerville,1,4
201.1381,0.7813,98.88,Gardnerville Ranchos,Douglas,11.1152,12,0.82,0,0,0.7971,NV,0,0,0,0,308950,Gardnerville,1,4
202.7147,1.077842857,99.55,Gardnerville Ranchos,Douglas,10.8068,13,0.36,0,0,0.7498,NV,0,0,0,0,305600,Gardnerville,2,5
211.4484,1.374385714,99.07,Gardnerville Ranchos,Douglas,10.5971,14,0.59,0,0,0.7025,NV,0,0,0,0,320950,Gardnerville,2,5
213.7533,1.670928571,99.3,Gardnerville Ranchos,Douglas,10.5724,15,0.51,0,0,0.6552,NV,0,0,0,0,322800,Gardnerville,2,5
213.9587,1.967471429,99.29,Gardnerville Ranchos,Douglas,10.375,16,0.51,0,0,0.655471429,NV,0,0,0,0,342350,Gardnerville,2,6
218.1793,2.264014286,99.51,Gardnerville Ranchos,Douglas,10.2887,17,0.33,0,0,0.655742857,NV,0,0,0,0,354850,Gardnerville,2,6
219.6604,2.560557143,99.62,Gardnerville Ranchos,Douglas,9.9679,18,0.25,0,0,0.656014286,NV,0,0,0,0,350700,Gardnerville,2,6
226.9492,2.8571,99.08,Gardnerville Ranchos,Douglas,9.5732,19,0.57,0,0,0.656285714,NV,0,0,0,0,345300,Gardnerville,2,7
229.1073,2,99.08,Gardnerville Ranchos,Douglas,9.3388,20,0.52,0,0,0.656557143,NV,0,0,0,0,350900,Gardnerville,2,7
223.0715,0.8571,98.51,Gardnerville Ranchos,Douglas,9.2647,21,1.04,0,0,0.656828571,NV,0,0,0,0,359750,Gardnerville,2,7
213.1909,0.883457143,96.3,Gardnerville Ranchos,Douglas,9.3018,22,2.2,0,0,0.6571,NV,0,0,0,0,359350,Gardnerville,2,8
213.588,0.909814286,97.71,Gardnerville Ranchos,Douglas,9.0303,23,1.46,0,0,0.657371429,NV,0,0,0,0,351175,Gardnerville,2,8
214.9703,0.936171429,87.59,Gardnerville Ranchos,Douglas,8.8206,24,8.04,0,0,0.657642857,NV,0,0,0,0,371225,Gardnerville,2,8
220.9644,0.962528571,85.88,Gardnerville Ranchos,Douglas,8.6109,25,8.86,0,0,0.657914286,NV,0,0,0,0,374850,Gardnerville,3,9
209.961,0.988885714,91.81,Gardnerville Ranchos,Douglas,8.4629,26,4.73,0,0,0.658185714,NV,0,0,0,0,377750,Gardnerville,3,9
217.1014,1.015242857,78.05,Gardnerville Ranchos,Douglas,8.1174,27,13.92,0,0,0.658457143,NV,0,0,0,0,351550,Gardnerville,3,9
221.0864,1.0416,81.56,Gardnerville Ranchos,Douglas,7.772,28,10.87,0,0,0.658728571,NV,0,0,0,0,361075,Gardnerville,3,10
222.5523,1.20895,60.01,Gardnerville Ranchos,Douglas,7.4883,29,25.74,0,0,0.659,NV,0,0,0,0,380950,Gardnerville,3,10
214.0986,1.3763,45.82,Gardnerville Ranchos,Douglas,7.1675,30,39.24,0,0,1.1134,NV,0,0,0,0,377725,Gardnerville,3,10
217.7542,1.334971429,19.84,Gardnerville Ranchos,Douglas,6.8344,31,72.13,0,0,0.6542,NV,0,0,0,0,336826.5,Gardnerville,3,11
217.1859,1.293642857,28.05,Gardnerville Ranchos,Douglas,6.7234,32,60.14,0,0,0.8641,NV,0,0,0,0,335003.55,Gardnerville,3,11
207.6828,1.252314286,21.53,Gardnerville Ranchos,Douglas,6.4643,33,68.05,0,0,1.006233333,NV,0,0,0,0,315372.95,Gardnerville,3,11
204.4691,1.210985714,28.83,Gardnerville Ranchos,Douglas,6.1683,34,59.32,0,0,1.148366667,NV,0,0,0,0,330900,Gardnerville,3,12
205.7424,1.169657143,11.93,Gardnerville Ranchos,Douglas,6.1806,35,83.11,0,0,1.2905,NV,0,0,0,0,311500,Gardnerville,3,12
214.3105,1.128328571,21.49,Gardnerville Ranchos,Douglas,6.23,36,70.25,0,0,1.5686,NV,0,0,0,0,353825,Gardnerville,3,12
210.3436,1.087,16.02,Gardnerville Ranchos,Douglas,6.3163,37,77.85,0,0,1.5051,NV,0,0,0,0,370925,Gardnerville,4,13
214.2599,1.2352125,17.8,Gardnerville Ranchos,Douglas,6.2053,38,75.66,0,0,1.3187,NV,0,0,0,0,398750,Gardnerville,4,13
207.2414,1.383425,12.73,Gardnerville Ranchos,Douglas,6.23,39,82.25,0,0,2.6207,NV,0,0,0,0,358500,Gardnerville,4,13
203.4218,1.5316375,9.36,Gardnerville Ranchos,Douglas,6.1559,40,86.97,0,0,5.5462,NV,0,0,0,0,324150,Gardnerville,4,14
200.5421,1.67985,6.25,Gardnerville Ranchos,Douglas,6.0449,41,91.17,0,0,6.7124,NV,0,0,0,0,303500,Gardnerville,4,14
194.0384,1.8280625,14.51,Gardnerville Ranchos,Douglas,5.8599,42,78.88,0,0,4.8705,NV,0,0,0,0,318100,Gardnerville,4,14
198.5325,1.976275,15.9,Gardnerville Ranchos,Douglas,5.8228,43,76.16,0,0,2.5916,NV,0,0,0,0,331750,Gardnerville,4,15
206.7069,2.1244875,5.19,Gardnerville Ranchos,Douglas,5.6995,44,91.72,0,0,2.153,NV,0,0,0,0,318400,Gardnerville,4,15
208.5473,2.2727,3.13,Gardnerville Ranchos,Douglas,5.5268,45,95.29,0,0,3.3076,NV,0,0,0,0,329500,Gardnerville,4,15
203.028,4.7159,1.2,Gardnerville Ranchos,Douglas,5.4898,46,98.24,0,0,3.2269,NV,0,0,0,0,339150,Gardnerville,4,16
199.3275,6.2027,3.74,Gardnerville Ranchos,Douglas,5.3541,47,95.03,0,0,5.5324,NV,0,0,0,0,321450,Gardnerville,4,16
189.8392,8.0327,4.33,Gardnerville Ranchos,Douglas,5.169,48,94.69,0,0,4.4985,NV,0,0,0,0,278200,Gardnerville,4,16
189.8416055,11,2.49,Gardnerville Ranchos,Douglas,4.9099,49,95.7,0,0,8.0488,NV,0,0,0,0,265466.6667,Gardnerville,5,17
189.8440109,17.2063,1.4,Gardnerville Ranchos,Douglas,4.8113,50,97.69,0,0,11.8725,NV,0,0,0,0,252733.3333,Gardnerville,5,17
189.8464164,15.6601,1.49,Gardnerville Ranchos,Douglas,4.4658,51,97.92,0,0,12.9159,NV,0,0,0,0,240000,Gardnerville,5,17
180.7160082,26.4986,1.92,Gardnerville Ranchos,Douglas,4.3055,52,97.33,0,0,11.7471,NV,0,0,0,0,255384.6154,Gardnerville,5,18
171.5856,31.7647,2.7,Gardnerville Ranchos,Douglas,4.2191,53,96.05,0,0,18.5196,NV,0,0,0,0,270769.2308,Gardnerville,5,18
165.6207,25.7143,1.13,Gardnerville Ranchos,Douglas,4.3055,54,98.42,0,0,18.6208,NV,0,0,0,0,256470.5882,Gardnerville,5,18
173.4053,27.5,1.91,Gardnerville Ranchos,Douglas,4.0587,55,97.47,0,0,14.1014,NV,0,0,0,0,275158.371,Gardnerville,5,19
181.1899,27.6282,2.9,Gardnerville Ranchos,Douglas,4.0217,56,96.1,0,0,13.6554,NV,0,0,0,0,293846.1538,Gardnerville,5,19
184.7767,34.12,3.03,Gardnerville Ranchos,Douglas,4.0587,57,95.99,0,0,10.3653,NV,0,0,0,0,339411.7647,Gardnerville,5,19
177.0377,23.3819,4.22,Gardnerville Ranchos,Douglas,4.0711,58,94.08,190.4464286,0,15.6819,NV,0,0.9435,369500,0,310000,Gardnerville,5,20
170.2587,24.5039,2.71,Gardnerville Ranchos,Douglas,4.0217,59,96.41,189.7722733,0,16.5631,NV,0,0.94765,369500,0,260250,Gardnerville,5,20
168.5077,26.5441,1.5,Gardnerville Ranchos,Douglas,4.1821,60,97.96,187.077597,0,19.5831,NV,0,0.9518,364500,0,248250,Gardnerville,5,20
157.0093,20.5025,1.03,Gardnerville Ranchos,Douglas,4.2314,61,98.38,184.3782929,0,17.9498,NV,0,0.9503,358500,0,239000,Gardnerville,6,21
153.1936882,33.4926,1.94,Gardnerville Ranchos,Douglas,4.2314,62,96.7,182.9395777,0,14.7258,NV,0,0.9502,349000,0,245166.6667,Gardnerville,6,21
149.3780764,43.2647,1.79,Gardnerville Ranchos,Douglas,4.2191,63,97.17,178.5708333,0,11.7403,NV,0,0.9439,334999,0,251333.3333,Gardnerville,6,21
145.5624647,44.9896,2.09,Gardnerville Ranchos,Douglas,4.2314,64,96.89,176.8292683,0,10.0042,NV,0,0.938,324900,0,257500,Gardnerville,6,22
159.5428,35.1963,2.3,Gardnerville Ranchos,Douglas,4.2642,65,96.56,177.7597403,0,8.6541,NV,0,0.9519,354900,0,253088.2353,Gardnerville,6,22
155.064,27.7353,2.22,Gardnerville Ranchos,Douglas,4.3135,66,96.55,175.7911065,0,15.752,NV,0,0.9735,339000,0,241125,Gardnerville,6,22
151.4319,25.5976,1.48,Gardnerville Ranchos,Douglas,4.622,67,97.7,172.0004529,0,19.7147,NV,0,0.965,324000,0,268000,Gardnerville,6,23
147.1218,24.9495,2.6,Gardnerville Ranchos,Douglas,4.7941,68,95.74,166.5871122,0,21.7255,NV,0,0.948,309999,0,252000,Gardnerville,6,23
141.863,25.9556,4.4,Gardnerville Ranchos,Douglas,4.8603,69,92.91,165.2485446,0,20.5366,NV,0,0.9554,305000,0,224750,Gardnerville,6,23
135.5762,32.0736,4.61,Gardnerville Ranchos,Douglas,5.0227,70,92.8,162.2802272,0,21.9423,NV,0,0.9672,325000,0,211950,Gardnerville,6,24
133.5214,40.5442,9.22,Gardnerville Ranchos,Douglas,5.0964,71,87.31,161.3207547,0,18.572,NV,0,0.9766,325000,0,213050,Gardnerville,6,24
139.2677,44.8563,9.07,Gardnerville Ranchos,Douglas,4.9859,72,86.62,162.2802272,0,12.6895,NV,0,0.9569,329000,0,272500,Gardnerville,6,24
132.8342,42.4504,7.64,Gardnerville Ranchos,Douglas,5.035,73,87.73,161.1954924,0,11.071,NV,0,0.972,324000,0,269250,Gardnerville,7,25
136.26605,39.9306,6.69,Gardnerville Ranchos,Douglas,5.0596,74,88.88,160.952381,12.9584,13.3003,NV,0,0.9776,321500,11,279971.1539,Gardnerville,7,25
139.6979,39.7569,12.93,Gardnerville Ranchos,Douglas,5.1087,75,79.79,152.6851852,14.1509,14.549,NV,0,0.9775,295304,11,290692.3077,Gardnerville,7,25
141.9844,32.0521,8.03,Gardnerville Ranchos,Douglas,5.121,76,87.58,155.7788945,17.9724,21.6243,NV,0,0.9714,319000,11,266764.7059,Gardnerville,7,26
136.2031,31.8014,6.27,Gardnerville Ranchos,Douglas,5.1159,77,90.54,154.9444738,19.7368,23.2542,NV,0,0.9762,319000,11,224750,Gardnerville,7,26
134.8083,36.3036,4.5,Gardnerville Ranchos,Douglas,5.0906,78,92.9,153.4036433,20.7392,17.4009,NV,0,0.974,320000,11,191500,Gardnerville,7,26
135.3423,30.7152,5.76,Gardnerville Ranchos,Douglas,4.9298,79,90.75,150.4761905,21.4953,14.3981,NV,0,0.9665,307900,11,215800,Gardnerville,7,27
126.075,34.4088,6.93,Gardnerville Ranchos,Douglas,4.7572,80,88.71,154.1429732,18.7387,15.8796,NV,0,0.97,324900,11,204200,Gardnerville,7,27
120.0397,36.7692,11.31,Gardnerville Ranchos,Douglas,4.5847,81,81.63,155.8823529,17.338,11.3168,NV,0,0.9701,318000,11,187500,Gardnerville,7,27
118.29,33.3144,14.12,Gardnerville Ranchos,Douglas,4.7344,82,78.11,153.0232558,15.7618,14.5492,NV,14.62,0.9713,320000,11,195400,Gardnerville,7,28
117.1233,33.3781,17.38,Gardnerville Ranchos,Douglas,4.5376,83,74.8,146.5148515,15.29,11.7199,NV,14.38,0.9691,299000,11,190850,Gardnerville,7,28
122.5751,23.227,26.86,Gardnerville Ranchos,Douglas,4.7221,84,62.89,142.3670669,15.3565,11.5974,NV,14.33,0.9644,279900,11,208650,Gardnerville,7,28
117.8387,27.2297,15.5,Gardnerville Ranchos,Douglas,4.7959,85,75.29,135.1045789,14.1805,13.2537,NV,14.24,0.968,259000,11,177475,Gardnerville,8,29
117.1702,24.5591,10.87,Gardnerville Ranchos,Douglas,4.8639,86,82.88,137.3695198,17.3752,12.0168,NV,13.8,0.9728,259000,11,181325,Gardnerville,8,29
114.5373,26.2771,4.67,Gardnerville Ranchos,Douglas,4.8387,87,91.68,132.9178209,14.1136,13.5234,NV,13.82,0.9639,250000,11,194550,Gardnerville,8,29
116.6109,33.6135,5.91,Gardnerville Ranchos,Douglas,4.851,88,89.88,132.2178988,15.7712,14.8697,NV,13.23,0.9619,249990,11,215250,Gardnerville,8,30
117.8724,36.7768,6.3,Gardnerville Ranchos,Douglas,5.0357,89,90.63,132.9178209,13.3663,21.2752,NV,13.19,0.9653,250388,11,200250,Gardnerville,8,30
114.8064,32.2222,7.75,Gardnerville Ranchos,Douglas,5.085,90,89.64,132.2178988,13.1045,22.1314,NV,12.83,0.9653,250000,11,186750,Gardnerville,8,30
115.4575,30.4643,10.57,Gardnerville Ranchos,Douglas,5.2392,91,86.65,128.5298399,13.141,21.2719,NV,12.66,0.9601,249000,11,196250,Gardnerville,8,31
110.7016,35.2128,10.35,Gardnerville Ranchos,Douglas,5.4852,92,87.39,130.6122449,14.7516,22.0185,NV,12.49,0.9708,243000,11,188875,Gardnerville,8,31
104.9865,32.5684,9.3,Gardnerville Ranchos,Douglas,5.3868,93,88.67,132.2178988,17.7394,16.1234,NV,12.39,0.9689,249000,11,176625,Gardnerville,8,31
106.2082,31.0153,12.22,Gardnerville Ranchos,Douglas,5.3855,94,84.72,126.8387097,15.4589,14.3652,NV,12.43,0.9623,249000,11,174200,Gardnerville,8,32
100.531,34.3023,14.88,Gardnerville Ranchos,Douglas,5.4448,95,82.25,128.913738,13.6667,14.6307,NV,12.44,0.9714,239990,11,153950,Gardnerville,8,32
103.304,37.6022,12.71,Gardnerville Ranchos,Douglas,5.3713,96,84.77,122.8706053,12.4126,15.1128,NV,12.42,0.9604,239990,11,168225,Gardnerville,8,32
106.4132,30.1718,14.89,Gardnerville Ranchos,Douglas,5.4815,97,82.07,124.2955542,12.3128,15.3855,NV,12.47,0.9519,249000,11,201275,Gardnerville,9,33
106.3032,32.8717,16.4,Gardnerville Ranchos,Douglas,5.4196,98,80.24,126.8387097,11.4726,11.6857,NV,12.54,0.9664,259000,11,177225,Gardnerville,9,33
100.7854,45.6978,20.11,Gardnerville Ranchos,Douglas,5.2504,99,75.73,128.7878788,9.6601,10.9272,NV,12.52,0.9768,259900,11,165850,Gardnerville,9,33
100.6374,40.6044,16.67,Gardnerville Ranchos,Douglas,5.4427,100,79.82,127.1989752,9.0741,8.4532,NV,12.73,0.976,249500,11,195150,Gardnerville,9,34
102.3378,29.1896,28.14,Gardnerville Ranchos,Douglas,5.2822,101,65.59,127.5269872,8.6957,6.7078,NV,12.5,0.9728,259000,11,194650,Gardnerville,9,34
106.56935,19.0238,40.3,Gardnerville Ranchos,Douglas,5.1976,102,51.52,128.5545024,8.9015,6.1691,NV,12.7,0.9638,274900,11,189401.9231,Gardnerville,9,34
110.8009,13.9338,67.43,Gardnerville Ranchos,Douglas,5.4515,103,23.03,132.2906641,8.413,5.6918,NV,12.7,0.9698,279900,11,184153.8462,Gardnerville,9,35
107.7056,8.1738,49.27,Gardnerville Ranchos,Douglas,5.4998,104,40.75,132.2906641,9.8326,5.2925,NV,12.71,0.9799,279900,13,203058.8235,Gardnerville,9,35
105.9343,7.6676,45.83,Gardnerville Ranchos,Douglas,5.6891,105,43.96,132.6045627,9.1106,6.5162,NV,12.88,0.9926,279000,12.66666667,187650,Gardnerville,9,35
107.2278,6.5213,40.63,Gardnerville Ranchos,Douglas,5.9626,106,49.22,132.535461,7.7419,10.045,NV,12.97,0.9912,247000,12.33333333,183900,Gardnerville,9,36
114.7939,6.6061,42.12,Gardnerville Ranchos,Douglas,6.1173,107,47.89,131.327953,5.4299,9.0047,NV,13.08,0.986,234500,12,182600,Gardnerville,9,36
117.6145,8.7071,60.42,Gardnerville Ranchos,Douglas,6.4292,108,31.11,132.0701357,4.878,8.0388,NV,13.11,0.9915,255000,19,185000,Gardnerville,9,36
110.374,9.4343,56.49,Gardnerville Ranchos,Douglas,6.813,109,35.76,134.5706371,3.9702,11.2288,NV,13.07,0.9861,259900,19,172500,Gardnerville,10,37
119.6027,9.4996,73.65,Gardnerville Ranchos,Douglas,6.909,110,21.73,137.9514825,7.3107,7.0839,NV,13.27,0.9813,258900,16.33333333,185750,Gardnerville,10,37
122.1551,9.9386,83.13,Gardnerville Ranchos,Douglas,7.0041,111,14.62,139.9456522,8.0556,6.5065,NV,13.25,0.989,295000,13.66666667,207900,Gardnerville,10,37
130.2139,11.0011,81.48,Gardnerville Ranchos,Douglas,7.0434,112,16.3,143.458731,9.5775,6.1799,NV,13.5,0.9901,309000,11,203100,Gardnerville,10,38
133.301,8.8746,82.08,Gardnerville Ranchos,Douglas,7.3194,113,15.62,148.0044346,9.2141,3.4728,NV,13.71,0.9955,329000,15,229375,Gardnerville,10,38
130.7098,6.4055,88.61,Gardnerville Ranchos,Douglas,7.6619,114,7.78,148.923445,10.7895,3.5151,NV,14.02,0.9981,334900,14,218125,Gardnerville,10,38
134.4193,4.38,91.7,Gardnerville Ranchos,Douglas,7.5798,115,5.85,150.3759398,10.2564,6.2268,NV,14.28,0.9908,349000,16,237800,Gardnerville,10,39
138.4896,6.8634,92.37,Gardnerville Ranchos,Douglas,7.6037,116,5.2,150.3759398,10.9453,4.5127,NV,14.33,0.9814,319900,15,257850,Gardnerville,10,39
139.3115,11.4843,90.97,Gardnerville Ranchos,Douglas,7.6517,117,5.99,150.621118,11.1111,5.6687,NV,14.32,0.9783,289000,14,245100,Gardnerville,10,39
140.513,9.0661,91.12,Gardnerville Ranchos,Douglas,7.5558,118,6.37,150.122549,13.0548,6.776,NV,14.3,0.9891,280000,13,233250,Gardnerville,10,40
135.7701,7.735,90.97,Gardnerville Ranchos,Douglas,7.4358,119,6.3,148.3671171,13.1868,6.4448,NV,14.51,0.9816,289000,12,223500,Gardnerville,10,40
139.7598,7.0651,90.06,Gardnerville Ranchos,Douglas,7.16,120,6.91,146.7025572,12.1581,3.6036,NV,14.73,0.9767,310000,11,242500,Gardnerville,10,40
139.72935,9.5972,88.97,Gardnerville Ranchos,Douglas,6.6923,121,7.9,147.1456693,11.5265,4.0729,NV,14.8,0.98545,282500,26,232250,Gardnerville,11,41
139.6989,12.6226,81.13,Gardnerville Ranchos,Douglas,6.4644,122,13.74,149.1452991,9.3023,4.1294,NV,15,0.9942,302490,30,222000,Gardnerville,11,41
135.7542,9.9802,82.2,Gardnerville Ranchos,Douglas,6.4284,123,12.68,152.2606383,10.2564,7.4501,NV,14.9,0.9888,319000,20,193823.5294,Gardnerville,11,41
138.3245,10.0577,82.86,Gardnerville Ranchos,Douglas,6.2125,124,12.53,156.7196222,11.4114,5.5849,NV,14.87,0.9766,329500,18,225875,Gardnerville,11,42
138.0643,9.3535,89.07,Gardnerville Ranchos,Douglas,6.0566,125,8.04,160.4501608,10.7042,8.3142,NV,15.98,0.981,345000,22,233725,Gardnerville,11,42
140.6297,7.0476,89.15,Gardnerville Ranchos,Douglas,5.8287,126,8.09,163.9273356,12.0968,6.3947,NV,15.86,0.9798,340493,24,229150,Gardnerville,11,42
149.3182,10.0317,87.33,Gardnerville Ranchos,Douglas,5.6129,127,9.31,168.3348499,13.8381,5.1164,NV,15.92,0.9762,344850,26,239150,Gardnerville,11,43
156.4902,10.0145,83.88,Gardnerville Ranchos,Douglas,5.445,128,12.77,168.8396349,13.7056,5.5321,NV,15.86,0.9761,354000,21,264950,Gardnerville,11,43
154.8135,10.3146,82.17,Gardnerville Ranchos,Douglas,5.2051,129,13.63,169.955157,11.4471,3.7282,NV,15.83,0.9791,319900,16,298150,Gardnerville,11,43
152.6916,8.8941,81.56,Gardnerville Ranchos,Douglas,5.2291,130,14.1,175.3650794,12.1348,1.5127,NV,15.64,0.9742,366796,22,276000,Gardnerville,11,44
150.4881,10.7901,80.99,Gardnerville Ranchos,Douglas,5.1091,131,14.94,178.2845894,10.4784,1.5488,NV,15.62,0.9695,371490,20,242625,Gardnerville,11,44
154.0286,9.0495,79.54,Gardnerville Ranchos,Douglas,4.9892,132,16.17,175.1386322,9.8522,1.6239,NV,15.85,0.9703,359900,20,224200,Gardnerville,11,44
151.6692,12.3333,81.27,Gardnerville Ranchos,Douglas,5.1211,133,14.52,169.1176471,9.3023,2.2026,NV,16.25,0.9751,339000,19,228125,Gardnerville,12,45
135.105,12.8952,83.19,Gardnerville Ranchos,Douglas,5.1211,134,12.69,170.0443787,7.0288,4.4747,NV,16.47,0.9686,325000,19,208550,Gardnerville,12,45
144.0636,8.3568,83.49,Gardnerville Ranchos,Douglas,5.1571,135,12.29,0,0,6.1256,NV,16.5,0,0,17.66666667,229850,Gardnerville,12,45
150.8984,6.5402,82.67,Gardnerville Ranchos,Douglas,5.2051,136,12.69,0,0,3.3744,NV,15.88,0,0,16.33333333,247550,Gardnerville,12,46
155.2179,5.7466,79.79,Gardnerville Ranchos,Douglas,5.1571,137,14.32,0,0,3.6386,NV,15.53,0,0,15,246650,Gardnerville,12,46
162.5617,4.4048,79.24,Gardnerville Ranchos,Douglas,5.1331,138,14.77,0,0,4.4757,NV,15.4,0,0,15,269950,Gardnerville,12,46
317.0005,1.5625,96.03,San Francisco,Contra Costa,6.8801,1,1.52,0,0,0.4681,CA,0,0,0,0,447500,Pleasant Hill,1,1
310.0384,1.5625,96.6,San Francisco,Contra Costa,6.9716,2,1.41,0,0,0.469514286,CA,0,0,0,0,448000,Pleasant Hill,1,1
303.3549,1.5625,96.06,San Francisco,Contra Costa,7.0082,3,2.01,0,0,0.470928571,CA,0,0,0,0,444350,Pleasant Hill,1,1
309.5772,1.5625,95.66,San Francisco,Contra Costa,7.0357,4,2.23,0,0,0.472342857,CA,0,0,0,0,470775,Pleasant Hill,1,2
326.385,1.5625,98.13,San Francisco,Contra Costa,7.0174,5,0.84,0,0,0.473757143,CA,0,0,0,0,484825,Pleasant Hill,1,2
336.2865,1.5625,99.23,San Francisco,Contra Costa,7.1729,6,0.36,0,0,0.475171429,CA,0,0,0,0,499400,Pleasant Hill,1,2
340.4447,1.5625,99.42,San Francisco,Contra Costa,7.1455,7,0.24,0,0,0.476585714,CA,0,0,0,0,508450,Pleasant Hill,1,3
363.7099,1.5625,99.15,San Francisco,Contra Costa,7.054,8,0.3,0,0,0.478,CA,0,0,0,0,521300,Pleasant Hill,1,3
359.1526,1.5625,99.05,San Francisco,Contra Costa,6.9899,9,0.61,0,0,0.54815,CA,0,0,0,0,537750,Pleasant Hill,1,3
366.1469,1.5625,99.04,San Francisco,Contra Costa,6.935,10,0.58,0,0,0.6183,CA,0,0,0,0,531000,Pleasant Hill,1,4
360.4682,1.5625,99,San Francisco,Contra Costa,6.9259,11,0.92,0,0,0.5999125,CA,0,0,0,0,523800,Pleasant Hill,1,4
360.8441,1.5625,99.35,San Francisco,Contra Costa,6.871,12,0.35,0,0,0.581525,CA,0,0,0,0,522200,Pleasant Hill,1,4
353.3398,1.5625,99.71,San Francisco,Contra Costa,6.8344,13,0.15,0,0,0.5631375,CA,0,0,0,0,524250,Pleasant Hill,2,5
366.9047,1.5625,99.7,San Francisco,Contra Costa,6.6514,14,0.22,0,0,0.54475,CA,0,0,0,0,552500,Pleasant Hill,2,5
381.9564,1.313925,99.64,San Francisco,Contra Costa,6.5508,15,0.28,0,0,0.5263625,CA,0,0,0,0,586750,Pleasant Hill,2,5
392.124,1.06535,99.69,San Francisco,Contra Costa,6.4867,16,0.24,0,0,0.507975,CA,0,0,0,0,593000,Pleasant Hill,2,6
413.0045,0.816775,99.77,San Francisco,Contra Costa,6.4867,17,0.21,0,0,0.4895875,CA,0,0,0,0,613750,Pleasant Hill,2,6
423.2064,0.5682,99.51,San Francisco,Contra Costa,6.505,18,0.31,0,0,0.4712,CA,0,0,0,0,635000,Pleasant Hill,2,6
429.3107,0.589766667,99.68,San Francisco,Contra Costa,6.2946,19,0.22,0,0,0.5434,CA,0,0,0,0,632750,Pleasant Hill,2,7
426.382,0.611333333,99.74,San Francisco,Contra Costa,6.3678,20,0.2,0,0,0.6156,CA,0,0,0,0,619500,Pleasant Hill,2,7
424.5671,0.6329,99.57,San Francisco,Contra Costa,6.4044,21,0.29,0,0,1.2597,CA,0,0,0,0,594000,Pleasant Hill,2,7
427.2956,1.06188,99.51,San Francisco,Contra Costa,6.4135,22,0.35,0,0,0.7916,CA,0,0,0,0,622250,Pleasant Hill,2,8
430.5327,1.49086,98.88,San Francisco,Contra Costa,6.4959,23,0.63,0,0,0.7274,CA,0,0,0,0,619400,Pleasant Hill,2,8
431.0917,1.91984,98.15,San Francisco,Contra Costa,6.3861,24,0.8,0,0,0.6632,CA,0,0,0,0,612100,Pleasant Hill,2,8
423.9125,2.34882,94.54,San Francisco,Contra Costa,6.3952,25,2.73,0,0,0.599,CA,0,0,0,0,600800,Pleasant Hill,3,9
411.2604,2.7778,90.83,San Francisco,Contra Costa,6.2763,26,4.66,0,0,0.5348,CA,0,0,0,0,613500,Pleasant Hill,3,9
407.184,2.9445,80.97,San Francisco,Contra Costa,6.2031,27,9.37,0,0,0.4706,CA,0,0,0,0,616825,Pleasant Hill,3,9
435.6287,1.5333,68.16,San Francisco,Contra Costa,6.0842,28,18.55,0,0,0.8131,CA,0,0,0,0,618875,Pleasant Hill,3,10
437.8348,1.472666667,53.81,San Francisco,Contra Costa,5.8463,29,30.11,0,0,0.4797,CA,0,0,0,0,613900,Pleasant Hill,3,10
428.305,1.412033333,37.51,San Francisco,Contra Costa,5.5444,30,45.45,0,0,0.6307,CA,0,0,0,0,615850,Pleasant Hill,3,10
435.7902,1.3514,21.61,San Francisco,Contra Costa,5.4254,31,64.48,0,0,0.591075,CA,0,0,0,0,623150,Pleasant Hill,3,11
428.8948,1.438566667,12.86,San Francisco,Contra Costa,5.215,32,77.98,0,0,0.55145,CA,0,0,0,0,645850,Pleasant Hill,3,11
416.6471,1.525733333,9.32,San Francisco,Contra Costa,4.8399,33,84.4,0,0,0.511825,CA,0,0,0,0,616750,Pleasant Hill,3,11
408.0742,1.6129,5.46,San Francisco,Contra Costa,4.5654,34,90.99,0,0,0.4722,CA,0,0,0,0,614400,Pleasant Hill,3,12
409.4839,2.4111,4.7,San Francisco,Contra Costa,4.3641,35,91.39,0,0,0.718925,CA,0,0,0,0,615250,Pleasant Hill,3,12
405.4038,1.3813,5.77,San Francisco,Contra Costa,4.3458,36,89.88,0,0,0.96565,CA,0,0,0,0,618350,Pleasant Hill,3,12
409.7685,1.44825,4.3,San Francisco,Contra Costa,4.2543,37,92.5,0,0,1.212375,CA,0,0,0,0,595925,Pleasant Hill,4,13
405.0453,1.5152,4,San Francisco,Contra Costa,4.4282,38,90.15,0,0,1.4591,CA,0,0,0,0,606075,Pleasant Hill,4,13
413.4528,1.481966667,6.88,San Francisco,Contra Costa,4.2909,39,86.96,0,0,1.0214,CA,0,0,0,0,595000,Pleasant Hill,4,13
408.3905,1.448733333,4.22,San Francisco,Contra Costa,4.2635,40,89.83,0,0,2.4126,CA,0,0,0,0,611750,Pleasant Hill,4,14
405.5243,1.4155,2.18,San Francisco,Contra Costa,4.108,41,95.13,0,0,3.7136,CA,0,0,0,0,607000,Pleasant Hill,4,14
402.4378,1.382266667,2.52,San Francisco,Contra Costa,4.0531,42,94,0,0,3.665,CA,0,0,0,0,609150,Pleasant Hill,4,14
401.9454,1.349033333,3.75,San Francisco,Contra Costa,4.1629,43,91.69,0,0,2.6456,CA,0,0,0,0,605850,Pleasant Hill,4,15
394.2555,1.3158,4.04,San Francisco,Contra Costa,4.172,44,91.09,0,0,2.0244,CA,0,0,0,0,600750,Pleasant Hill,4,15
381.5752,6.6903,2.78,San Francisco,Contra Costa,4.108,45,94.07,0,0,3.2689,CA,0,0,0,0,554000,Pleasant Hill,4,15
381.972,6.9332,3.88,San Francisco,Contra Costa,4.0439,46,93.36,0,0,3.8829,CA,0,0,0,0,564750,Pleasant Hill,4,16
373.4442,11.8141,2.28,San Francisco,Contra Costa,3.9067,47,96.12,0,0,7.2004,CA,0,0,0,0,514400,Pleasant Hill,4,16
369.7334,8.9643,1.18,San Francisco,Contra Costa,3.7328,48,98,0,0,5.5803,CA,0,0,0,0,542650,Pleasant Hill,4,16
373.5529,4.1667,0.71,San Francisco,Contra Costa,3.6597,49,98.42,0,0,4.5064,CA,0,0,0,0,528785,Pleasant Hill,5,17
356.3547,13.07235,0.41,San Francisco,Contra Costa,3.5407,50,98.92,0,0,6.9604,CA,0,0,0,0,525161.7307,Pleasant Hill,5,17
339.1565,21.978,0.18,San Francisco,Contra Costa,3.4126,51,99.68,0,0,7.5855,CA,0,0,0,0,521538.4615,Pleasant Hill,5,17
339.258,24.3698,0.13,San Francisco,Contra Costa,3.312,52,99.84,0,0,8.1031,CA,0,0,0,0,475000,Pleasant Hill,5,18
352.3512,26.7857,0.13,San Francisco,Contra Costa,3.3852,53,99.85,0,0,9.6469,CA,0,0,0,0,507250,Pleasant Hill,5,18
367.7124,23.3917,0.14,San Francisco,Contra Costa,3.3211,54,99.82,0,0,10.9073,CA,0,0,0,0,513150,Pleasant Hill,5,18
360.4644,31.2742,0.13,San Francisco,Contra Costa,3.2388,55,99.79,0,0,15.5014,CA,0,0,0,0,538350,Pleasant Hill,5,19
336.7368,34.5503,0.13,San Francisco,Contra Costa,3.1656,56,99.77,0,0,13.4343,CA,0,0,0,0,545250,Pleasant Hill,5,19
314.8344,36.8714,0.1,San Francisco,Contra Costa,3.1656,57,99.78,0,0,11.4956,CA,0,0,0,0,510400,Pleasant Hill,5,19
309.636,27.9345,0.11,San Francisco,Contra Costa,3.2113,58,99.8,307.9295154,0,6.517,CA,0,0.9626,499900,0,490350,Pleasant Hill,5,20
316.3075,21.589,0.15,San Francisco,Contra Costa,3.3577,59,99.78,322.3495702,0,8.5979,CA,0,0.9499,499000,0,448450,Pleasant Hill,5,20
315.3324,22.718,0.16,San Francisco,Contra Costa,3.4401,60,99.63,322.3495702,0,10.0412,CA,0,0.9428,499000,0,474300,Pleasant Hill,5,20
312.0703,28.7778,0.14,San Francisco,Contra Costa,3.4767,61,99.8,322.5683891,0,9.3208,CA,0,0.942869231,459000,0,478919.2307,Pleasant Hill,6,21
308.8082,39.1961,0.1,San Francisco,Contra Costa,3.5316,62,99.83,316.6666667,0,8.3674,CA,0,0.942938462,439000,0,483538.4615,Pleasant Hill,6,21
324.85835,41.4706,0.29,San Francisco,Contra Costa,3.5041,63,99.57,320.1421801,0,6.5985,CA,0,0.943007692,450000,0,469653.8462,Pleasant Hill,6,21
340.9085,34.6952,0.8,San Francisco,Contra Costa,3.4675,64,98.52,309.623431,0,7.1146,CA,0,0.943076923,430000,0,455769.2308,Pleasant Hill,6,22
311.5556,35.8157,1.43,San Francisco,Contra Costa,3.376,65,97.57,302.1544929,0,8.0245,CA,0,0.9766,449000,0,438235.2941,Pleasant Hill,6,22
300.4061,27.2086,2.55,San Francisco,Contra Costa,3.3117,66,95.54,294.7251937,0,7.1102,CA,0,0.9699,460750,0,418000,Pleasant Hill,6,22
283.0645,27.4474,1.84,San Francisco,Contra Costa,3.315,67,96.53,291.2867275,0,7.0245,CA,0,0.9707,449900,0,445750,Pleasant Hill,6,23
289.0774,34.6885,6.93,San Francisco,Contra Costa,3.2051,68,89.1,282.3858341,0,6.3725,CA,0,0.964,449000,0,433875,Pleasant Hill,6,23
294.6132,25.9865,10.25,San Francisco,Contra Costa,3.3303,69,84.56,277.5847089,0,11.0488,CA,0,0.963,415500,0,463375,Pleasant Hill,6,23
289.4839,18.637,18.36,San Francisco,Contra Costa,3.5022,70,73.15,277.5847089,0,12.9115,CA,0,0.9808,431900,0,484750,Pleasant Hill,6,24
297.0998,21.3507,52.12,San Francisco,Contra Costa,3.5844,71,37.12,276.1075949,0,11.6767,CA,0,0.9951,429000,0,472000,Pleasant Hill,6,24
291.6662,17.0907,57.37,San Francisco,Contra Costa,3.612,72,31.79,277.5290958,0,8.6836,CA,0,0.9846,429950,0,445675,Pleasant Hill,6,24
271.1315,30.3939,71.85,San Francisco,Contra Costa,3.6484,73,19.97,277.6492365,0,9.3316,CA,0,0.977968627,435000,0,417150,Pleasant Hill,7,25
297.7315,27.4091,83.01,San Francisco,Contra Costa,3.7128,74,12.3,284.0189873,6.0127,11.7824,CA,0,0.971337255,449000,28,418175,Pleasant Hill,7,25
302.5792,20.0682,79.31,San Francisco,Contra Costa,3.8038,75,15.02,277.6492365,7.0621,11.5491,CA,0,0.964705882,449000,28,409625,Pleasant Hill,7,25
294.3085,23.6793,75.53,San Francisco,Contra Costa,3.9949,76,17.55,277.5290958,9.0426,11.6756,CA,0,0.9855,435000,28,404125,Pleasant Hill,7,26
293.0855,20.9803,75.84,San Francisco,Contra Costa,4.0408,77,17.56,276.0180995,9.596,10.6425,CA,0,0.9861,449000,28,411000,Pleasant Hill,7,26
293.8409,21.2515,66.09,San Francisco,Contra Costa,4.1227,78,25.63,274.5292887,10.1205,8.85,CA,0,0.9887,429000,28,426700,Pleasant Hill,7,26
285.4196,19.0552,70.48,San Francisco,Contra Costa,3.8128,79,22.04,280.835677,11.7517,9.58,CA,0,0.9784,429000,28,466600,Pleasant Hill,7,27
295.9001,26.0526,52.4,San Francisco,Contra Costa,3.8219,80,36.65,276.4102564,13.1313,11.9918,CA,0,0.9746,419045,28,440200,Pleasant Hill,7,27
283.9933,25.7051,50.99,San Francisco,Contra Costa,3.8405,81,36.43,270.6919946,14.914,15.3142,CA,0,0.9774,435000,28,422150,Pleasant Hill,7,27
273.5854,20.8547,45.76,San Francisco,Contra Costa,3.9679,82,41.62,268.4555369,16.381,14.53,CA,19.51,0.9776,425000,29,409100,Pleasant Hill,7,28
267.665,20.0171,17.85,San Francisco,Contra Costa,3.9132,83,70.43,269.5139912,16.6667,9.987,CA,19.3,0.976,409000,25,405050,Pleasant Hill,7,28
262.892,33.2819,8.37,San Francisco,Contra Costa,3.9807,84,84.12,266.3292488,17.3038,8.1546,CA,18.66,0.9745,400000,37,401200,Pleasant Hill,7,28
260.5564,38.3029,5.39,San Francisco,Contra Costa,4.008,85,89.21,265.610438,16.0243,9.901,CA,18.61,0.9654,399000,45,380000,Pleasant Hill,8,29
274.6893,35.0762,3.62,San Francisco,Contra Costa,4.0627,86,92.32,262.7162375,14.425,9.2442,CA,17.49,0.9783,395000,52,385500,Pleasant Hill,8,29
268.7435,31.125,1.22,San Francisco,Contra Costa,4.2092,87,97.5,261.3117871,13.4579,12.0037,CA,17.42,0.9791,389000,45,373650,Pleasant Hill,8,29
269.5323,28.0435,1.77,San Francisco,Contra Costa,4.0634,88,96.46,249.2130858,13.936,11.151,CA,16.64,0.9768,399000,22,364350,Pleasant Hill,8,30
265.493,26.1304,2.35,San Francisco,Contra Costa,4.027,89,96.09,257.3529412,13.3212,10.2384,CA,16.31,0.9754,445000,28,394950,Pleasant Hill,8,30
252.4122,23.7741,3.13,San Francisco,Contra Costa,4.1177,90,94.55,254.5351474,14.9826,10.7054,CA,16.06,0.9837,420000,13,379750,Pleasant Hill,8,30
258.0056,23.3699,3.23,San Francisco,Contra Costa,4.2001,91,94.7,259.5486111,14.9171,11.2319,CA,15.45,0.9825,420000,24,404300,Pleasant Hill,8,31
265.3444,25.5117,3.75,San Francisco,Contra Costa,4.2821,92,93.34,265.3061224,14.4621,12.2671,CA,15.77,0.9721,425000,35,421400,Pleasant Hill,8,31
271.7865,14.6262,3.56,San Francisco,Contra Costa,4.4096,93,93.29,261.2721417,12.2414,10.2141,CA,15.53,0.9717,415000,38,424500,Pleasant Hill,8,31
273.1777,15.369,2.76,San Francisco,Contra Costa,4.2821,94,94.49,255.3050398,11.0922,7.5355,CA,15.69,0.9709,389900,28,409850,Pleasant Hill,8,32
264.2933,17.8306,3.67,San Francisco,Contra Costa,4.4457,95,93.37,250.1253133,10.017,8.7404,CA,15.48,0.9754,385000,29,383400,Pleasant Hill,8,32
248.898,24.2564,5.09,San Francisco,Contra Costa,4.4548,96,91.52,241.0575428,7.9336,8.0757,CA,15.56,0.9754,385000,45,385875,Pleasant Hill,8,32
244.9633,23.8144,10.19,San Francisco,Contra Costa,4.5732,97,83.48,239.9380805,8.2721,7.724,CA,15.32,0.9881,349900,33,393450,Pleasant Hill,9,33
244.60115,28.5229,7.71,San Francisco,Contra Costa,4.4837,98,87.03,239.3617021,8.2707,6.8771,CA,15.28,0.992,349000,31,392301.9231,Pleasant Hill,9,33
244.239,28.4614,16.26,San Francisco,Contra Costa,4.3926,99,76.35,250.1253133,8.3172,5.2976,CA,15.4,0.9913,349900,84,391153.8462,Pleasant Hill,9,33
249.1928,23.8934,28.79,San Francisco,Contra Costa,4.6022,100,61.41,263.4831461,6.0194,7.8917,CA,15.31,0.9816,349900,60,375294.1176,Pleasant Hill,9,34
258.0191,19.9799,35.89,San Francisco,Contra Costa,4.748,101,53.06,250,3.7773,7.2824,CA,15.31,0.9891,349900,95,405750,Pleasant Hill,9,34
264.955,15.3556,44.21,San Francisco,Contra Costa,4.7571,102,44.26,265.8730159,3.937,4.5739,CA,16.15,0.9996,360000,84,421900,Pleasant Hill,9,34
275.2334,18.6245,59.66,San Francisco,Contra Costa,4.7207,103,30.43,275.5703422,4.375,3.3554,CA,15.91,1.0179,389000,86,414800,Pleasant Hill,9,35
288.4007,17.2312,66.05,San Francisco,Contra Costa,4.7671,104,25.12,277.1867612,3.0905,4.4131,CA,15.94,1.0133,400000,97,463700,Pleasant Hill,9,35
277.1063,20.0517,81.38,San Francisco,Contra Costa,4.755,105,13.73,277.1867612,2.9345,5.8459,CA,16.15,1.0047,450000,108,471850,Pleasant Hill,9,35
262.383,16.2168,88.13,San Francisco,Contra Costa,4.8096,106,8.7,284.0909091,2.8846,6.9387,CA,16.41,1.002,433000,159,470250,Pleasant Hill,9,36
270.4357,16.8388,92.9,San Francisco,Contra Costa,4.7732,107,4.37,272.4148607,2.0725,6.0734,CA,16.63,1.0086,400000,167,412875,Pleasant Hill,9,36
286.0162,15.6799,91.65,San Francisco,Contra Costa,4.7276,108,5.83,256.0899438,0.6309,6.1953,CA,16.99,1.0137,392500,193,425275,Pleasant Hill,9,36
272.6364,14.6426,96.27,San Francisco,Contra Costa,4.7003,109,2.29,268.1010929,2.7778,5.0446,CA,17.13,1.0215,392500,151,384550,Pleasant Hill,10,37
237.8954,13.5673,97.99,San Francisco,Contra Costa,4.7459,110,1.38,284.0144853,6.7901,3.3978,CA,17.37,1.012,500000,109,357550,Pleasant Hill,10,37
257.8744,13.0496,99.01,San Francisco,Contra Costa,4.7285,111,0.84,316.9371197,3.6585,2.7188,CA,17.78,1.0318,550000,28,377500,Pleasant Hill,10,37
296.4667,9.5931,99.37,San Francisco,Contra Costa,4.7103,112,0.49,334.9494949,2.2599,3.6643,CA,18.27,1.0439,539000,65,493750,Pleasant Hill,10,38
343.8736,3.9255,99.3,San Francisco,Contra Costa,4.5645,113,0.57,343.9655172,2.0833,2.5986,CA,18.5,1.0635,540900,42,550250,Pleasant Hill,10,38
358.5897,4.1527,99.16,San Francisco,Contra Costa,4.6192,114,0.71,350.2879079,1.8868,1.5707,CA,19.04,1.0578,580000,36,559550,Pleasant Hill,10,38
345.663,4.87,99.24,San Francisco,Contra Costa,4.6283,115,0.59,354.5706371,4.4444,0.9716,CA,19.56,1.0394,565000,37,546700,Pleasant Hill,10,39
346.3882,2.619,99.39,San Francisco,Contra Costa,4.7285,116,0.53,362.0911215,8.6066,0.9447,CA,19.67,1.0316,570000,48,531850,Pleasant Hill,10,39
336.4471,2.6984,99.68,San Francisco,Contra Costa,4.7832,117,0.24,365.1877133,10.8,1.4035,CA,19.79,1.0316,569000,38,514150,Pleasant Hill,10,39
341.2717,2.7778,99.68,San Francisco,Contra Costa,4.856,118,0.23,363.7566138,13.7339,1.7411,CA,19.86,1.0167,549500,37,538700,Pleasant Hill,10,40
344.4784,4.3835,99.62,San Francisco,Contra Costa,4.8925,119,0.31,363.6977058,12.4424,1.4248,CA,20.09,1.0051,559000,36,541800,Pleasant Hill,10,40
331.6808,5.3978,99.42,San Francisco,Contra Costa,4.7376,120,0.43,361.512792,8.8083,1.1139,CA,20.12,1,599900,21,486900,Pleasant Hill,10,40
360.999,4.3984,99.32,San Francisco,Contra Costa,4.7558,121,0.45,349.4397759,4.6243,1.4751,CA,19.78,1,576000,29,556750,Pleasant Hill,11,41
349.4877,4.1977,98.92,San Francisco,Contra Costa,4.7103,122,0.71,340.1360544,5.3571,0.8377,CA,20.22,1,574900,34,585400,Pleasant Hill,11,41
355.9443,3.5369,98.89,San Francisco,Contra Costa,4.5645,123,0.72,346.382557,7.7381,0.7947,CA,19.89,1.0077,529000,36,600200,Pleasant Hill,11,41
351.5001,3.7961,98.87,San Francisco,Contra Costa,4.5827,124,0.7,341.2903226,7.4627,0.8285,CA,20,1.0063,525000,52,557250,Pleasant Hill,11,42
354.2787,2.7901,97.17,San Francisco,Contra Costa,4.8105,125,1.6,343.002744,9.7046,2.4375,CA,19.76,1.0096,549000,49,557125,Pleasant Hill,11,42
362.875,1.239,93.58,San Francisco,Contra Costa,4.8652,126,3.75,367.3602081,8.9219,2.4462,CA,19.51,1.0173,583000,48,569375,Pleasant Hill,11,42
355.9668,4.7076,89.44,San Francisco,Contra Costa,4.7923,127,6.19,344.7143795,13.4058,1.7137,CA,19.52,1.0228,564900,57,564550,Pleasant Hill,11,43
358.3038,4.8353,85.09,San Francisco,Contra Costa,4.8105,128,9.38,343.75,11.9403,1.0797,CA,19.35,1.0123,585000,47,552450,Pleasant Hill,11,43
353.1333,7.0857,80.01,San Francisco,Contra Costa,4.6829,129,13.58,333.9358337,14.3411,0.4694,CA,19.64,0.9977,589000,31,585750,Pleasant Hill,11,43
350.5416,6.6991,74.27,San Francisco,Contra Costa,4.6374,130,18.31,337.8056628,14.4487,0.93655,CA,19.43,0.9987,589950,33,563000,Pleasant Hill,11,44
342.4952,3.4636,68.93,San Francisco,Contra Costa,4.5463,131,23.59,334.0184995,12.6984,1.4037,CA,19.4,1.0002,550000,29,552500,Pleasant Hill,11,44
338.4823,2.0905,67.27,San Francisco,Contra Costa,4.6374,132,25.65,351.3089855,11.0048,2.3863,CA,19.43,1.0009,549000,30,542500,Pleasant Hill,11,44
342.9881,4.537,66.45,San Francisco,Contra Costa,4.5645,133,26.63,358.0349345,5.4187,1.4037,CA,19.39,0.9937,549000,36,522375,Pleasant Hill,12,45
341.2878,6.5212,67.49,San Francisco,Contra Costa,4.6101,134,25.56,358.0349345,5.0251,0.8963,CA,19.43,0.9956,549800,41,516375,Pleasant Hill,12,45
344.3371,4.6981,70.14,San Francisco,Contra Costa,4.7103,135,23.46,0,0,0.98575,CA,19.66,0,0,46,575500,Pleasant Hill,12,45
351.9614,3.618,72.83,San Francisco,Contra Costa,4.7649,136,21.04,0,0,1.0752,CA,19.71,0,0,45,558200,Pleasant Hill,12,46
384.77,2.4689,74.69,San Francisco,Contra Costa,4.6921,137,19.54,0,0,1.1192,CA,19.46,0,0,51,588125,Pleasant Hill,12,46
402.2978,2.6759,75.71,San Francisco,Contra Costa,4.7558,138,18.28,0,0,0.6062,CA,19.11,0,0,56,583425,Pleasant Hill,12,46
84.7513,0,76.35,Atlanta,Gwinnett,11.6095,1,10.6,0,0,0,GA,0,0,0,0,155970,Sugar Hill,1,1
81.9342,0,72.24,Atlanta,Gwinnett,11.8069,2,12.9,0,0,0,GA,0,0,0,0,146000,Sugar Hill,1,1
82.2728,0,71.63,Atlanta,Gwinnett,12.5067,3,14.39,0,0,0,GA,0,0,0,0,146335,Sugar Hill,1,1
83.5484,0,73.48,Atlanta,Gwinnett,13.386,4,13.96,0,0,0,GA,0,0,0,0,150875,Sugar Hill,1,2
84.3441,0,66.3,Atlanta,Gwinnett,13.5475,5,17.84,0,0,0,GA,0,0,0,0,154125,Sugar Hill,1,2
84.643,0,61.11,Atlanta,Gwinnett,14.4626,6,20.71,0,0,0,GA,0,0,0,0,156360,Sugar Hill,1,2
85.4034,0,60.47,Atlanta,Gwinnett,14.8394,7,22.31,0,0,0,GA,0,0,0,0,161270,Sugar Hill,1,3
84.214,0,65.47,Atlanta,Gwinnett,15.611,8,18.2,0,0,0,GA,0,0,0,0,158446,Sugar Hill,1,3
84.3452,0,61.86,Atlanta,Gwinnett,15.4854,9,22.31,0,0,0,GA,0,0,0,0,155144,Sugar Hill,1,3
82.4432,0,61.47,Atlanta,Gwinnett,15.3418,10,22.44,0,0,0,GA,0,0,0,0,153975,Sugar Hill,1,4
83.2664,0,61.39,Atlanta,Gwinnett,14.983,11,21.71,0,0,0,GA,0,0,0,0,155010,Sugar Hill,1,4
84.4271,0,63.32,Atlanta,Gwinnett,15.0188,12,20.73,0,0,0,GA,0,0,0,0,160185,Sugar Hill,1,4
85.8421,0,63.91,Atlanta,Gwinnett,14.319,13,20.76,0,0,0,GA,0,0,0,0,156035,Sugar Hill,2,5
88.3031,0,66.85,Atlanta,Gwinnett,14.0678,14,17.07,0,0,0,GA,0,0,0,0,154700,Sugar Hill,2,5
87.3411,0,71.88,Atlanta,Gwinnett,13.7628,15,13.45,0,0,0,GA,0,0,0,0,156772.5,Sugar Hill,2,5
89.0102,0,72.86,Atlanta,Gwinnett,13.2604,16,12.21,0,0,0,GA,0,0,0,0,161176.25,Sugar Hill,2,6
88.7746,0,79.48,Atlanta,Gwinnett,13.368,17,8.83,0,0,0,GA,0,0,0,0,166091.25,Sugar Hill,2,6
87.4017,0,85.55,Atlanta,Gwinnett,13.045,18,6.18,0,0,0,GA,0,0,0,0,181408.125,Sugar Hill,2,6
85.1365,0,78.92,Atlanta,Gwinnett,12.74,19,9.65,0,0,0,GA,0,0,0,0,196725,Sugar Hill,2,7
86.0865,0,79.78,Atlanta,Gwinnett,12.3632,20,9.95,0,0,0,GA,0,0,0,0,176230,Sugar Hill,2,7
87.0263,0,81.83,Atlanta,Gwinnett,12.8297,21,8.45,0,0,0,GA,0,0,0,0,171035,Sugar Hill,2,7
88.9868,0,83.29,Atlanta,Gwinnett,12.4888,22,8.41,0,0,0,GA,0,0,0,0,165135,Sugar Hill,2,8
88.1102,0,82.89,Atlanta,Gwinnett,12.74,23,9.01,0,0,0,GA,0,0,0,0,159600,Sugar Hill,2,8
92.1447,0,82.31,Atlanta,Gwinnett,12.5964,24,9.79,0,0,0,GA,0,0,0,0,165500,Sugar Hill,2,8
92.062,0,82.87,Atlanta,Gwinnett,12.7938,25,10.06,0,0,0,GA,0,0,0,0,172150,Sugar Hill,3,9
92.5414,0,83.01,Atlanta,Gwinnett,13.045,26,9.43,0,0,0,GA,0,0,0,0,170450,Sugar Hill,3,9
93.9476,0,86.51,Atlanta,Gwinnett,12.7759,27,7.78,0,0,0,GA,0,0,0,0,171815,Sugar Hill,3,9
93.3002,0,86.71,Atlanta,Gwinnett,12.5247,28,7.31,0,0,0,GA,0,0,0,0,175685,Sugar Hill,3,10
92.9714,0,84.92,Atlanta,Gwinnett,12.5426,29,8.73,0,0,0,GA,0,0,0,0,173735,Sugar Hill,3,10
92.5389,0,83.28,Atlanta,Gwinnett,12.4529,30,8.77,0,0,0,GA,0,0,0,0,176225,Sugar Hill,3,10
93.6336,0,90.16,Atlanta,Gwinnett,12.4529,31,4.76,0,0,0,GA,0,0,0,0,175840,Sugar Hill,3,11
94.664,0,84.97,Atlanta,Gwinnett,12.2376,32,7.17,0,0,0,GA,0,0,0,0,175230,Sugar Hill,3,11
96.3305,0,85.03,Atlanta,Gwinnett,11.6275,33,8.38,0,0,0,GA,0,0,0,0,176655,Sugar Hill,3,11
96.6062,0,77.68,Atlanta,Gwinnett,11.5019,34,11.36,0,0,0,GA,0,0,0,0,181265,Sugar Hill,3,12
94.8833,0,79.26,Atlanta,Gwinnett,11.2686,35,11.34,0,0,0,GA,0,0,0,0,181350,Sugar Hill,3,12
92.9789,0,71.16,Atlanta,Gwinnett,11.1968,36,15.28,0,0,0,GA,0,0,0,0,177075,Sugar Hill,3,12
90.2955,0,71.45,Atlanta,Gwinnett,10.9277,37,14.56,0,0,0,GA,0,0,0,0,173975,Sugar Hill,4,13
91.0957,0,70.3,Atlanta,Gwinnett,10.9277,38,14.69,0,0,0,GA,0,0,0,0,169950,Sugar Hill,4,13
91.3969,0,59.86,Atlanta,Gwinnett,10.9636,39,22.35,0,0,0,GA,0,0,0,0,171115,Sugar Hill,4,13
91.4962,0,65.25,Atlanta,Gwinnett,10.9097,40,18.82,0,0,0,GA,0,0,0,0,169510,Sugar Hill,4,14
95.7572,0,54.32,Atlanta,Gwinnett,10.4432,41,25.39,0,0,0,GA,0,0,0,0,170000,Sugar Hill,4,14
97.824,0,61.27,Atlanta,Gwinnett,9.9946,42,21.02,0,0,0,GA,0,0,0,0,174970,Sugar Hill,4,14
100.2832,0,40.18,Atlanta,Gwinnett,10.1023,43,36.18,0,0,0,GA,0,0,0,0,182025,Sugar Hill,4,15
100.0776,0,52.16,Atlanta,Gwinnett,10.1741,44,27.31,0,0,0,GA,0,0,0,0,187325,Sugar Hill,4,15
97.2775,0,39.07,Atlanta,Gwinnett,9.8152,45,38.97,0,0,0,GA,0,0,0,0,199647.5,Sugar Hill,4,15
97.9319,0,20.53,Atlanta,Gwinnett,9.6357,46,63.17,0,0,0,GA,0,0,0,0,217109.25,Sugar Hill,4,16
95.0697,0,23.23,Atlanta,Gwinnett,9.3128,47,58.3,0,0,0,GA,0,0,0,0,198053.25,Sugar Hill,4,16
93.668,0,22.84,Atlanta,Gwinnett,8.8642,48,58.85,0,0,0,GA,0,0,0,0,194200,Sugar Hill,4,16
96.1556,0,9.5,Atlanta,Gwinnett,8.7744,49,81.95,0,0,0,GA,0,0,0,0,182950,Sugar Hill,5,17
95.1682,0,13.5,Atlanta,Gwinnett,8.8283,50,76.51,0,0,0,GA,0,0,0,0,171100,Sugar Hill,5,17
95.0207,0,13.84,Atlanta,Gwinnett,8.4694,51,77.44,0,0,0,GA,0,0,0,0,188700,Sugar Hill,5,17
93.055,0,8.74,Atlanta,Gwinnett,8.1644,52,83.22,0,0,0,GA,0,0,0,0,181515,Sugar Hill,5,18
87.3139,0,6.4,Atlanta,Gwinnett,7.949,53,87.43,0,0,0,GA,0,0,0,0,166535,Sugar Hill,5,18
86.9334,0,4.64,Atlanta,Gwinnett,7.7158,54,91.86,0,0,0,GA,0,0,0,0,165950,Sugar Hill,5,18
84.2642,0,4.57,Atlanta,Gwinnett,7.321,55,90.66,0,0,0,GA,0,0,0,0,172200,Sugar Hill,5,19
86.262,0,2.54,Atlanta,Gwinnett,6.7289,56,96.34,0,0,0,GA,0,0,0,0,174600,Sugar Hill,5,19
85.0458,0,1.32,Atlanta,Gwinnett,6.7109,57,97.71,0,0,0,GA,0,0,0,0,157875,Sugar Hill,5,19
92.0243,0,1.34,Atlanta,Gwinnett,6.6033,58,97.62,93.56884058,0,0,GA,0,0.9405,194900,0,154000,Sugar Hill,5,20
93.1296,0,0.65,Atlanta,Gwinnett,6.4956,59,98.84,90.46937269,0,0,GA,0,0.9248,197800,0,152640,Sugar Hill,5,20
87.4585,0,0.67,Atlanta,Gwinnett,6.5315,60,99.22,91.63802978,0,0,GA,0,0.9091,199700,0,159585,Sugar Hill,5,20
85.47818447,0,0.93,Atlanta,Gwinnett,6.3879,61,98.72,90.54951691,0,0,GA,0,0.9102,189900,0,164063.75,Sugar Hill,6,21
83.49786894,0,0.59,Atlanta,Gwinnett,6.2264,62,99.14,86.01928375,0,0,GA,0,0.9113,182000,0,168542.5,Sugar Hill,6,21
81.51755342,0,0.66,Atlanta,Gwinnett,6.0291,63,99.13,85.8529302,0,0,GA,0,0.9353,187500,0,173021.25,Sugar Hill,6,21
79.53723789,0,0.68,Atlanta,Gwinnett,5.8855,64,99.23,85.67901235,0,0,GA,0,0.9484,185000,0,177500,Sugar Hill,6,22
77.9673,0,1.05,Atlanta,Gwinnett,5.8148,65,98.61,85.40255831,0,0,GA,0,0.9513,195500,0,167205.8824,Sugar Hill,6,22
78.1332,0,0.77,Atlanta,Gwinnett,6.0862,66,99.09,86.01549053,0,0,GA,0,0.9532,189900,0,153625,Sugar Hill,6,22
78.1629,0,1.64,Atlanta,Gwinnett,5.682,67,97.86,86.01928375,0,0,GA,0,0.95865,195000,0,158203,Sugar Hill,6,23
79.0406,0,3.37,Atlanta,Gwinnett,5.8971,68,94.85,84.73652332,0,0,GA,0,0.9641,185900,0,162852.1,Sugar Hill,6,23
74.5847,0,3.81,Atlanta,Gwinnett,5.9066,69,93.94,84.29672447,0,0,GA,0,0.9619,185900,0,154030.9,Sugar Hill,6,23
76.5616,0,18.64,Atlanta,Gwinnett,6.1819,70,72.03,82.23684211,0,0,GA,0,0.9636,189900,0,159420,Sugar Hill,6,24
76.80095,0,24.23,Atlanta,Gwinnett,6.0032,71,65.69,81.24576845,0,0,GA,0,0.9691,184900,0,176210,Sugar Hill,6,24
77.0403,0,33.23,Atlanta,Gwinnett,6.0536,72,56.58,82.09689629,0,0,GA,0,0.9746,184900,0,193000,Sugar Hill,6,24
92.9942,0,38.38,Atlanta,Gwinnett,6.9057,73,51.68,81.26272912,0,0,GA,0,0.9772,174988,0,285252.9412,Sugar Hill,7,25
102.9868,0,30,Atlanta,Gwinnett,6.8799,74,60.74,81.84007707,13.0194,0,GA,0,0.9687,175000,11,225750,Sugar Hill,7,25
88.5929,0,32.03,Atlanta,Gwinnett,6.8453,75,57.85,81.64319249,12.5,0,GA,0,0.9891,169900,11,181750,Sugar Hill,7,25
73.1768,0,39.11,Atlanta,Gwinnett,6.949,76,50.34,80.70866142,17.4419,0,GA,0,0.9739,169900,15,138750,Sugar Hill,7,26
70.7274,0,30.47,Atlanta,Gwinnett,6.9663,77,57.18,79.10521141,13.2353,0,GA,0,0.9585,165000,14,126650,Sugar Hill,7,26
79.2319,0,46.76,Atlanta,Gwinnett,6.8626,78,40.61,76.46356033,13.6719,0,GA,0,0.9431,164900,13,151716,Sugar Hill,7,26
81.6653,0,27.34,Atlanta,Gwinnett,7.1305,79,61.57,74.4908896,15.415,0,GA,0,0.9798,164500,15,373981.2,Sugar Hill,7,27
70.2523,0,20.29,Atlanta,Gwinnett,7.0093,80,70.5,75,14.9712,0,GA,0,1.0165,164500,15,150289.8,Sugar Hill,7,27
73.6933,0,21.86,Atlanta,Gwinnett,7.128,81,69.24,74.47528775,15.4104,0,GA,0,0.985,163000,18,135935,Sugar Hill,7,27
76.4837,0,7.78,Atlanta,Gwinnett,7.3517,82,88.77,75.66287879,14.6302,0,GA,10.08,0.9524,164900,17,128160,Sugar Hill,7,28
71.3406,0,13.46,Atlanta,Gwinnett,7.6803,83,80.44,74.4908896,14.4838,0,GA,10.04,0.9401,164900,15,126500,Sugar Hill,7,28
70.4089,0,17,Atlanta,Gwinnett,7.4407,84,75.56,72.90337284,16.2406,0,GA,10.14,0.9441,155000,19,149025,Sugar Hill,7,28
67.20797179,0,10.24,Atlanta,Gwinnett,6.8697,85,85.33,71.59127888,17.1212,0,GA,10.02,0.974,145000,22,144350,Sugar Hill,8,29
64.00704357,0,8.33,Atlanta,Gwinnett,6.9377,86,87.63,70.3564728,17.4556,0,GA,10.07,0.9734,145000,28,139675,Sugar Hill,8,29
60.80611536,0,2.85,Atlanta,Gwinnett,7.0057,87,96,68.93748248,16.1198,0,GA,9.91,0.9569,135900,26,135000,Sugar Hill,8,29
71.8164,0,3.79,Atlanta,Gwinnett,6.8154,88,94.93,66.40365449,15.0355,0,GA,9.85,0.9733,144000,25,127823.5294,Sugar Hill,8,30
65.3633,0,2.67,Atlanta,Gwinnett,6.6424,89,95.98,68.85336273,15.5772,0,GA,9.81,0.9722,148000,34,108180,Sugar Hill,8,30
60.6022,0,3.41,Atlanta,Gwinnett,6.6748,90,95.46,68.8484252,16.0338,0,GA,9.71,0.9593,151900,33,104785,Sugar Hill,8,30
58.0921,0,2.46,Atlanta,Gwinnett,6.6933,91,96.75,68.56796117,14.7147,0,GA,9.63,0.9607,159900,36,105830,Sugar Hill,8,31
60.282,0,8.84,Atlanta,Gwinnett,7.0639,92,85.26,68.39622642,14.9718,0,GA,9.64,0.9739,153000,34,123595,Sugar Hill,8,31
64.0839,0,11.18,Atlanta,Gwinnett,6.9991,93,81.1,68.32669323,13.5359,0,GA,9.51,0.9758,157900,32,126775,Sugar Hill,8,31
62.1926,0,15.09,Atlanta,Gwinnett,7.1195,94,76.58,66.77458519,12.3626,0,GA,9.36,0.9739,154000,32,135750,Sugar Hill,8,32
60.446,0,7.48,Atlanta,Gwinnett,7.3431,95,87.44,68.45034247,12.2708,0,GA,9.19,0.972,155069,31,118650,Sugar Hill,8,32
61.5914,0,6.48,Atlanta,Gwinnett,7.4475,96,89.75,70.10911925,12.983,0,GA,9.02,0.9723,157000,26,113950,Sugar Hill,8,32
63.16304199,0,16.98,Atlanta,Gwinnett,7.7399,97,76.19,67.82682513,11.4155,0,GA,8.87,0.9693,150000,25,126712.5,Sugar Hill,9,33
64.73468399,0,22.59,Atlanta,Gwinnett,7.8155,98,70.25,67.27133843,12.398,0,GA,8.64,0.9815,149900,26,139475,Sugar Hill,9,33
66.30632598,0,42.76,Atlanta,Gwinnett,7.8327,99,51.52,68.02226027,10.0324,0,GA,8.48,0.972,150000,40,152237.5,Sugar Hill,9,33
67.87796797,0,42.57,Atlanta,Gwinnett,7.9692,100,51.82,67.28931364,9.8139,0,GA,8.47,0.9668,149900,45,165000,Sugar Hill,9,34
68.49333399,0,35.48,Atlanta,Gwinnett,7.5407,101,57.36,67.66381766,9.106,0,GA,8.39,0.9812,150000,47,152961.5384,Sugar Hill,9,34
69.1087,0,46.03,Atlanta,Gwinnett,7.5921,102,46.15,70.20833333,9.1371,0,GA,8.35,0.9865,160000,48,140923.0769,Sugar Hill,9,34
71.9313,0,49.92,Atlanta,Gwinnett,7.3376,103,42.47,70.03504673,7.0652,0,GA,8.43,0.9871,167900,43,169170.5882,Sugar Hill,9,35
72.5924,0,25.53,Atlanta,Gwinnett,7.509,104,65.26,67.84260516,7.6923,0,GA,8.46,0.9721,162500,46,150405,Sugar Hill,9,35
70.08015823,0,41.15,Atlanta,Gwinnett,7.4125,105,50.22,70.9331652,6.5263,0,GA,8.56,0.9767,172900,62,143053.75,Sugar Hill,9,35
67.56791647,0,44.52,Atlanta,Gwinnett,7.1904,106,47.18,72.63969171,6.4665,0,GA,8.76,0.9891,177000,40,135702.5,Sugar Hill,9,36
65.0556747,0,61.95,Atlanta,Gwinnett,7.1575,107,31.62,74.70465601,5.8673,0,GA,8.76,0.9957,179900,38,128351.25,Sugar Hill,9,36
62.54343294,0,62.13,Atlanta,Gwinnett,6.9867,108,31.9,74.77760335,5.919,0,GA,8.78,0.9917,179900,47,121000,Sugar Hill,9,36
67.53242591,0,78.42,Atlanta,Gwinnett,6.9867,109,17.08,76.3861962,5.8219,0,GA,8.82,0.9826,184000,54,133133.3333,Sugar Hill,10,37
72.52141888,0,81.95,Atlanta,Gwinnett,6.9183,110,13.85,80.42182485,6.25,0,GA,8.9,0.9843,179900,54,145266.6667,Sugar Hill,10,37
77.51041185,0,86.69,Atlanta,Gwinnett,6.9402,111,10.41,80.88668138,5.0926,0,GA,9,0.9752,192900,47,157400,Sugar Hill,10,37
78.30371509,0,89.07,Atlanta,Gwinnett,6.8034,112,8.575,83.1542461,5.4455,0,GA,9.08,0.9849,199900,40,168800,Sugar Hill,10,38
79.09701832,0,91.45,Atlanta,Gwinnett,6.6496,113,6.74,84.66101695,7.177,0,GA,9.33,0.9802,199900,70,180200,Sugar Hill,10,38
79.89032156,0,95.25,Atlanta,Gwinnett,6.3023,114,3.66,84.77237049,7.4419,0,GA,9.49,0.9755,203000,54,191600,Sugar Hill,10,38
80.6836248,0,96.58,Atlanta,Gwinnett,6.2639,115,2.61,85.4214123,8.3333,0,GA,9.64,0.9757,215500,56,203000,Sugar Hill,10,39
81.2168,0,97.48,Atlanta,Gwinnett,6.2127,116,2.02,82.85714286,12.1622,0,GA,9.89,0.9885,209000,58,180588.2353,Sugar Hill,10,39
81.0349,0,97.97,Atlanta,Gwinnett,6.4004,117,1.75,88.65248227,11.0132,0,GA,10.1,0.9942,219850,49,169665,Sugar Hill,10,39
84.2787,0,97.32,Atlanta,Gwinnett,6.4857,118,1.96,88.63004172,9.322,0,GA,10.2,0.984,200000,56,203185,Sugar Hill,10,40
84.3389,0,97.79,Atlanta,Gwinnett,6.2297,119,1.68,83.76436782,10.8434,0,GA,10.4,0.9668,180000,58,189223.2693,Sugar Hill,10,40
84.3991,0,97.44,Atlanta,Gwinnett,6.3833,120,1.84,84.49640288,9.1633,0,GA,10.72,0.9691,193900,52,175261.5385,Sugar Hill,10,40
84.75354403,0,97.81,Atlanta,Gwinnett,6.2297,121,1.58,84.49640288,11.4943,0,GA,10.65,0.9896,190000,51,177946.1539,Sugar Hill,11,41
85.10798806,0,97.18,Atlanta,Gwinnett,6.2468,122,2.03,86.91032724,12.5561,0,GA,10.68,0.988,194900,55,180630.7693,Sugar Hill,11,41
85.46243209,0,97.72,Atlanta,Gwinnett,6.0761,123,1.58,87.71067416,10.4839,0,GA,10.72,0.9932,197000,55,183315.3846,Sugar Hill,11,41
85.81687612,0,98.35,Atlanta,Gwinnett,6.1615,124,1,91.84266103,7.8231,0,GA,10.74,0.99,219000,48,186000,Sugar Hill,11,42
84.6377,0,96.96,Atlanta,Gwinnett,6.4175,125,1.86,91.79265659,11.0063,0,GA,10.63,0.984,195000,44,179529.4118,Sugar Hill,11,42
88.0083,0,94.96,Atlanta,Gwinnett,6.6223,126,3.68,90.87150838,12.7072,0,GA,10.64,0.9802,200000,52,202400,Sugar Hill,11,42
92.3314,0,93.09,Atlanta,Gwinnett,6.6906,127,4.56,90.6043956,13.5279,0,GA,10.74,0.9856,209900,49,190525,Sugar Hill,11,43
92.4591,0,88.75,Atlanta,Gwinnett,6.6564,128,8.05,89.01669759,15.3409,0,GA,10.73,0.9855,203900,51,178475,Sugar Hill,11,43
90.1962,0,84.1,Atlanta,Gwinnett,6.6394,129,10.83,89.04612159,16.369,0,GA,10.77,0.9835,215000,42,192500,Sugar Hill,11,43
86.8724,0,80.68,Atlanta,Gwinnett,6.537,130,13.34,91.04046243,14.5511,0,GA,10.76,0.9851,227000,47,182250,Sugar Hill,11,44
88.2019,0,73.91,Atlanta,Gwinnett,6.7247,131,18.37,91.94053208,12.8617,0,GA,10.67,0.9833,216990,43,170300,Sugar Hill,11,44
88.4445,0,65.94,Atlanta,Gwinnett,6.5199,132,24.58,91.18127382,12.8049,0,GA,10.64,0.9881,219990,41,162650,Sugar Hill,11,44
85.0713,0,64.45,Atlanta,Gwinnett,6.537,133,26.18,91.3673598,12.9231,0,GA,10.63,0.9767,215000,44,166350,Sugar Hill,12,45
86.0247,0,61.4,Atlanta,Gwinnett,6.4175,134,28.83,92.32931727,10.9756,0,GA,10.68,0.9767,219990,31,176367.3077,Sugar Hill,12,45
86.9781,0,62.92,Atlanta,Gwinnett,6.8612,135,27.18,0,0,0,GA,10.66,0,0,47,186384.6154,Sugar Hill,12,45
93.3708,0,68.86,Atlanta,Gwinnett,7.2538,136,20.75,0,0,0,GA,10.61,0,0,59,222888.2353,Sugar Hill,12,46
93.8232,0,69.35,Atlanta,Gwinnett,7.1855,137,19.11,0,0,0,GA,10.57,0,0,46,216945,Sugar Hill,12,46
98.2165,0,70.65,Atlanta,Gwinnett,7.3391,138,17.65,0,0,0,GA,10.52,0,0,45,203500,Sugar Hill,12,46
